text,label
1. The mattresses were hard.\n2. When we were booking the room there was a promotion from booking.com which didn't apply and we payed 80 euro more. After that I checked a new dates to book and we had similar number and if we do it it will be the same. This is a big fraud.,negative
It was cold for a swim:),negative
Very noisy neighborhood,negative
-No free breakfast option. \n-However when I booked this property in advance it was a higher price but booking.com reduced the price before my travel date and the hotel refused to accept the lower price which I felt was unfair for me as they charged twice for cancellation and rebooking. Maybe this was a booking.com issue or the hotel but I was quite unhappy about this since it was not justified by the owner. I spoke to Ali from booking.com and he said there was no cancellation charge but they charged me☹️\n-They need to put a lock to the bathroom and a shower glass door inside or else it gets messy.\n-wifi is not good,negative
The taxi driver who picked us up for the short drive to the airport ripped us off. Be sure to negotiate the price beforehand. It's your own fault!,negative
Very noisy,negative
"I did not like the behavior of the gentleman in the reservations. I was assured of breakfast in the price of the room. Upon arrival he refused to provide breakfast in an unacceptable manner, and without even speaking the Cypriot language. My dissatisfaction with the choice is great.",negative
Surrounding buildings are under construction and poorly lit.,negative
"Outside was a but noisy later in the evening, but that's not within the hotels control",negative
some of the towels were dirty,negative
The area was a little noisy when we stayed there.,negative
"Taxi drivers who cooperate with hotel, both times, from airport and back, charged 2-3 EUR above the price agreed with the hotel (20 EUR). To clarify, it is not about the money, I would certainly give that money as a tip, but feeling that someone is cheating you and stilling money from you is really awkward and ugly, especially when you are alone with small child in the middle of the night and have no alternative way of transport.",negative
The smell in the bathroom,negative
In the bathroom smelled bad,negative
stingy smell from the bathroom\nquite small room,negative
Some smell from bathroom/water.,negative
the pool is tiny and the bathrooms can smell like bad plumbing.,negative
"The room was a bit cramped, but we could fit. It may have been a unique case, but a rather disturbing odor of sewage came out of the drains. The smell could be felt on the street that day as well.",negative
Slight smell from toilet after night. Pretty far from major tourist spots.,negative
Bed was very soft and uncomfortable for me.\nParking was very limited.,negative
There was some kind of unpleasant smell in the bathroom,negative
The bed and pillows were very uncomfortable and the telly was not working properly,negative
"The location was not great, the pool not even to be considered, the overall hotel installation is badly maintained. It’s in front of a pension and so close that people could see the colour of my underwear. \nThe aircon was too strong so we’d opened the windows, big mistake! Very noisy (I’ve asked quiet room).\nThe lift broke, the guy was offended becawe asked to see the room before paying….\nThe pictures of the room are accurate but fot the hotel installation and pool have a look to ‘Pasithea Apartments’",negative
"The floor is not cleaned enough, full of dust, water does not drain and floods the room",negative
"The main reason for not giving the highest rating is the noise. From the neighboring hotels/houses, they showered at any time of the day and made unpleasant noise. There were problems with the sealing and closing of the window.",negative
The only thing that was slightly flawed was the water in the shower in the evening which was lukewarm,negative
The noise. The rooms are poorly soundproofed. We hear the neighbors moving.,negative
"The environment is a bit unfriendly for walking, there is a lot of construction and the roads are bumpy",negative
"The breakfast offered by an independent service does not correspond quantitatively and qualitatively to the known levels of Cypriot hospitality and gastronomy,\nand the price of €12 for breakfast is much more expensive than the reasonable value (in terms of quality and quantity) of the offered product!",negative
"Very uncomfortable folding bed, the child at night could not fall asleep with it. It is also quite noisy at night - you can hear airplanes and music from nightclubs, but I think this does not apply to the hotel, such a location, but it is close to the airport.",negative
"Noise from a nightclub and not a comfortable cot, my 12 child was very cramped there.",negative
The quality of the television image quite poor.,negative
"The room is not sealed off from the corridor, you can hear everything. Somewhat small and sterile rooms.",negative
garbage truck at 3am making a lot of noise,negative
"I booked a room with one bed, in fact it was 2 separate beds, no one warned about this, it was very uncomfortable for me and my husband to sleep, having moved the mattresses. If I had known from the beginning that there would not be a room with one bed, I would have chosen another hotel. It spoiled the impression.",negative
Beds are soft and with a lot of plastic therefore very sweaty.\nIn the middle of the night the garbage containers were emptied with a lot of noise.,negative
"Mackenzie Beach is very noisy, windy, did not like it, not for a long vacation.",negative
"Tomorrow is quite meager - 8 euros. The room is very very small (3 beds at 18 meters), but at the same time, clean and tidy. The area near the hotel is a wasteland / wasteland. There is nothing. Most importantly, do not go to nearby cafes/restaurants. Never had such a terrible dinner before.",negative
Shower water often overflowed into the bathroom. Drain is not working well.,negative
"The room was next to another property's pool. Despite too much noise, shouting. Unable to rest",negative
Warm blankets. Slightly untidy floor. Smelled a little sewage,negative
"The room smelled of sewage, it should never be like this. This is a definite minus and prevents coming again.",negative
"With the exception of one gentleman at the reception, no other employee was wearing a mask.\nThe small room, with almost non-existent storage spaces, an extremely small balcony.\nThin walls, all night I heard how other travelers checked in.\nAt 3 o'clock in the morning, the garbage was picked up from the street, in an infernal mess....\nAt 7 o'clock in the morning I tried to open the door to the balcony and I was very close to throwing up instantly. It seems that there are some farms nearby... it smelled like concentrated manure....\nThe adapter found in the room burned/melted 2 phone chargers.",negative
"In the photo of the room on Booking, you can't see a column that takes up space and is uncomfortable. The balcony on the first floor is very low, not very intimate, close to the street and the hotel lobby, you can even smell the smoke from the cigarettes that smoke there. The safe does not make sense since it is not walled, it does not matter if you leave the money in a bag. They could put shampoo in the bathroom, not just soap. Since there is a kettle and the room ers for two people, they could put 2 coffee sachets and 2 tea sachets, not just 1.",negative
"There was a constant stench coming from outside, lack of storage spaces",negative
Bad-degraded area. Garbage heap in the bin next to the hotel. Not as clean as it should be inside. Misleading photos.,negative
"Nothing to do with the hotel, just the quick path down to the beachside cafes is a bit treacherous.",negative
Not too close to the beach \nPerfect for pre or post airport stays,negative
On the 4th floor with all the windows and balcony doors locked we could still hear some outside noise.,negative
2 times noise in week 4 a.m from people picking rubbish into large lorries .,negative
"Safe didn’t work, back door balcony in other bedroom wouldn’t lock, do not disturb sign didn’t work (electronic) \nasked for double bed and got two single beds next to eachother \nvery noisy guests. Waited 10 minutes for someone to come greet us for check in, no one on desk \nGuy on desk told us we had not paid but we did \nthen he took a picture of my passport which no hotel does at all which was very strange ?????",negative
the blue light on the balcony at night which interferes with sleeping open window,negative
Difficulty finding parking,negative
Noisy outside,negative
Noisy air conditioning and night traffic in the area.,negative
"very noisy, the area is ringing, the sounds accumulate with terrible force. At night, I constantly woke up either from the sounds of airplanes, or from passing cars or a slamming trunk, earplugs did not save (",negative
Lots of noise from the hallway,negative
The noise of the discotheque…,negative
It was extremely noisy,negative
"Bed frame structure dangerous, sharp corners.",negative
"Nothing, it was all good",negative
Nothing. Great for the price and our purpose of a late night flight arrival,negative
it would be nice if there was a breakfast buffet,negative
"- monotonous breakfasts (everyday the same set: 2 eggs, 2 slices of toast, 1/4 grilled mushroom, 1/2 grilled tomato, pepper, 2 small sausages, coffee),\n- the relaxation zone (swimming pool, deckchairs, billiards) definitely did not encourage you to use it.",negative
Nothing except the breakfast served at the bar next door (too frugal for the price and very slow service!).,negative
Everything was good❤❤❤❤,negative
that your hotel allowed to stay with animals,negative
#NAME?,negative
maybe possibility of purchasing fresh fruit or veg,negative
"The receptionist didn't speak English properly, and you have a feeling that people are living in the hotel, rather than staying at a hotel. You can hear the airplanes coming and leaving from the airport all the time, so if you are sensitive to the sounds around you and at night, better to skip this hotel and choose a different one.",negative
"Nothing really, though for a stay for more than a few days - it is a bit on the edge of Larnaca - with frequent busses to the centre.",negative
"Nothing, considering the price",negative
Leaving..in fact just re booked the hotel for 2 weeks time 😁,negative
nothing.,negative
I would have liked an ironing board in the room.,negative
Not applicable,negative
Nothing.,negative
Little bit noisy during evening time from the street side. I believe it doesn't disturb you in case you choose the garden view apartments or just close the windows and start the air conditioning ),negative
more hooks on walls for towels etc.,negative
"There was a problem with heating water at that time and we can understand, but eventually we couldn't manage to have a proper shower with hot water.",negative
Nothing except not showing opening times.,negative
Nothing really. The bus to the airport is close by and runs every 15 minutes.,negative
"My only real observation was that there was no net curtain or blind so one needed to ensure that the curtain was closed, especially when going for a shower as the room is opposite some apartments that have a clear view into the room!",negative
"It is typical of all restaurants in the area - the kitchen shuts at 22:30 or so, and there is no food to be had afterwards. I would just flag that ahead of time in the welcome email to those arriving from the UK (most early afternoon flights land after 23:00) and have something like nuts / chips available to buy on arrival.",negative
Not very Soundproof,negative
A lot of mosquitos,negative
The room wasn't soundproof so you can hear the planes.,negative
"If you are looking for a quiet stay, you should be aware that the hotel is really close to the airport, so you can hear all the noise from the planes.",negative
nothing so far,negative
No 24 hour reception so not easy to access entry at odd hours.,negative
The location was a little bit far from the centre.,negative
"The only thing was they did not a have pool, but however had plenty of chairs to sot on outside in the garden which also was spotlessly clean everywhere too.",negative
The room wasn't clean when we checked in. So they finished the cleaning after our complaint,negative
The location of the place is more a waiting position for your next flight at the Larnaka airport than a beach stay.,negative
The cupboards/wardrobes need doors and they should be drawers in the room to keep the rooms tidy.,negative
No soap or shampoo in the shower. There was hand soap instead.,negative
"The hotel staff should learn better English - confusing the term ""fridge"" and ""freezer"" can be fatal for a person with diabetes. The team froze our insulin, meaning it was unusable. Luckily we flew home the next day. If it happened before the holidays, we've got the entertainment covered.",negative
#NAME?,negative
"The location of the hotel was a bit far from the city centre, but you can take the 425 bus, which arrives fairly often at the station near the hotel.",negative
slow elevators,negative
Would have liked more TV channels like RT Russia Today,negative
It wasn't a big issues when I came but the hotel doesn't have it's own parking lot so sometimes it might be difficult to find a parking spot.,negative
Better TV channel selection would have been good for evening.,negative
"Our room was rather small and lacked a balcony, which can make a lot of difference (we had one on our previous stay).",negative
none,negative
"there was hair on the floor from previous visitors, it should be better cleaner .",negative
"nothing, it is sometimes a bit noisy because of the air traffic",negative
We could not turn on the mini fridge to cool our water bottles overnight ready for the following day. It was very late to go and ask so we didn't. Probably something to show guests initially.,negative
No complaints about the hotel. Parking in the area is always possible but not necessarily the most convenient,negative
There should be a safety strip on the step to each floor coming up the stairs. You are unaware of it and could possibly trip as I did.,negative
"for the price that it was, it only had some random unlabeled shampoo dispenser attached to the shower wall. dont know if it was body or hair shampoo but it wasnt very nice at all, and seemed a little cheap considering the hotel cost.",negative
Nothing we can think of,negative
"The location is a bit hard to find. The taxi drivers GPS had trouble finding it, but eventually we did. It’s amongst several apartment buildings on a small side street.",negative
"Lack of decent TV channels, only in the evening (past 9 pm) you can actually find something to watch. There are only ~10 channels, half in Greek and half in Russian, and maybe one or two in English (in the evenings)",negative
Nothing.,negative
only thing was the bathroom floor got wet from the shower and became very slippery. needs two foot towels rather than just one.,negative
Nothing really.,negative
locks on windows didn’t seem secure,negative
It takes too long hot water to reach tap/shower in the room,negative
The room does not maintain well noise insulation. but this is typical in the area,negative
No such thing.,negative
TV CHANNELS TO BE FIXED :),negative
Nothing.,negative
"nothing, maybe they could leave more water",negative
"Refurbishment not totally complete, so safety box wasn’t working. Our room was a family suite (for 4 people), so could do with one more double hook in bathroom for towels.",negative
"smell from the lake, but it doesn’t depend on the hotel.",negative
Size of room was a bit small,negative
No such thing.,negative
Aircraft noise does not bother me but the noise from aircraft landing and taking off may be an issue if you have young family or just want a quiet area,negative
"* Weak WiFi\n*This hotel being new , the staff , although very friendly , still needs to improve its organisation and collaboration. \n*Pool is very tiny.\n* Far from centre town.",negative
Nothing.,negative
Mostly the bathroom floor sink was closed with tapes and there was bugs under it. But I think it was a special case and don't think that all hotel rooms has the same issue.,negative
TV with only 3 channels. But that was not a big problem :),negative
Nothing at all,negative
"Need some renovation in lobby and common areas, as well as for the elevator.\nDuring night lights in common areas didn't work well.",negative
Room small. But I had the smallest I think.,negative
A bit small rooms,negative
Minor point: a bar for hanging clothes in the room was the only thing we felt was missing to improve our stay.,negative
Taller people be careful of doorway leading to elevator - being 190 i head-bumped…,negative
The bottle with hair/body wash was empty. Aircon had just one uncontrolled speed. There were no adapters for CY sockets. The blanket was too warm for summer night.,negative
it was not on the beach front as we were under the impression it was.,negative
"Windows should be closed, as the front building looks right into your room.",negative
"Size of the room is one of the smallest I have ever seen. There is no space for the suitcase  nor a wardrobe. No sitting area.\nThere is a terrace which Sun hits all the time, except for the early morning.\nFor that money for which I used to pay better hotels in Valencia  you get one small water bottle.",negative
For what you get it was a bit expensive. The rooms were a bit small for a suite. No breakfast included. We tried it one time at their restaurant and it was low quality compared to an original greek breakfast. Didn't eat there again.,negative
Restaurant was offering a rather narrow set of choices compared to what was listed on the menu. Room quite small.,negative
"Bath room was cleaned rather superficially, so that medium nice with hair not being removed.",negative
Cold floor in the room :-),negative
Room was a little cold. The hotel hadn’t yet opened up for the season. It was a little hard to find.,negative
"off season, so no bar / restaurant/ pool, which was not clear on booking.",negative
Breakfast was below average,negative
Complimentary coffee/tea in our bedroom was not replenished after the first night. Only one coffee sachet for a double room. \nWhatever was used from the fridge was also not replenished.\nThere were no thin curtains to allow for some light to come through into the bedroom; and so you had to draw the thick curtains if you wanted privacy.,negative
"Noisy\nLimited food options\nProbably renovation work was in progress so, some items were not ready. Example, there is no rod for hangers in the wardrobe, the safe wasn’t fixed.",negative
"Rate was very expensive for what it offered. No cleaning service the 4 days I stayed, no emptying garbage can and also had to ask for fresh towels. There were not even hangers for clothes in the closet",negative
There wasn’t a fan in the bathroom so opening the window was required,negative
Not applicable,negative
Swimming pool could be cleaner.,negative
Maybe a little way from main town,negative
"Overpriced for its facilities, if you're lucky you may have the only one parking in the side.\nVery poor lunch (breakfast).",negative
"The Waze is to blame for what I didn't like.\nShe was less helpful in guiding me than the locals, who explained to me in a second 🙏😊",negative
Just a bit far from town\nRoom a bit small,negative
"Access to the airport is close but not so easy with the bus, when you do not know",negative
"Cramped, the third bed for a child is more suitable for a baby, minimalist room accessories",negative
#NAME?,negative
Anything.,negative
Soundproofing: 07/10 (separated rooms with plasterboards)\nBalcony furniture set: 08/10 (could refurbish these too)\nSet of shampoo etc. for the bathroom: 08/10 (Could offer 1 to 1 for the pampering),negative
It was very hot but that was the weather,negative
Little parking nearby arriving in the evening,negative
Nothing .,negative
Bed 5 could be opened and was less comfortable. Toilet and shower are together and less convenient.,negative
"There was no hot water the two nights we slept there. And even when we complained, they said they took care of it and it wasn't taken care of.",negative
#NAME?,negative
The air conditioning had poor regulation... or cold (and directly to the body) or heat.,negative
"There was a bottle of water ready, that should have been two for 6 people. Everything else was to your liking!",negative
Nothing.,negative
There were no such elements,negative
🤫,negative
"The size of the room was just enough to spend one night, not much more. The ridiculous closet. The price is perhaps a little high for the comfort that a room gives you that is small as soon as you enter. If I were to go with my partner we would have been disappointed due to the lack of space.",negative
/,negative
Ras,negative
"Not all rooms have a balcony. I did not have it. Staying for one day is fine, but if you live for a while, then how to dry your towel and swimsuit ...",negative
"We had ordered a shuttle and thought it was specific to the hotel but it turned out to be just a lambda taxi, the problem is that we waited for it for 40 minutes because it was late but nobody warned us. We had to pay it straight away when we thought it would be included in the hotel bill at the end of the stay. It would be better to indicate directly that it is independent of the hotel, we would not have waited in front of other taxis and tried to reach everyone...",negative
Wifi was weak at times.,negative
the humid air in the room. It was very warm. The air conditioning probably didn't work properly,negative
I would like more variety at breakfast.\nThe price to food ratio was disproportionate.,negative
There was no hair dryer,negative
Maybe the reception needs improvement. It is very old furniture,negative
"The hotel is not far from the airport, but a bit far from city center.",negative
Those who sleep lightly will be disturbed by the aircraft noise. Those who are tired sleep over it.,negative
Pool infrastructure.,negative
"The shower has no door or curtain. While taking a shower, drops fall on the floor. Wi-fi is enough for a phone, not enough for a laptop. There are few shops nearby.",negative
"In addition to liquid soap, no other means. Bring along shampoos, soaps, gels, etc.",negative
breakfasts. This is probably the weakest link in the hotel.,negative
"Small room, only one nescafe bag, no curtain in the bathroom. Better remove the photo of the pool, since it's a hole...",negative
RAS,negative
RAS,negative
Small room for a family,negative
Lack of adapters for sockets in the rooms. But the staff promised to fix it.,negative
There were no TV channels,negative
Nothing everything is perfect,negative
WE HAVE ALREADY TALKED TO THE STAFF THEY ARE PREPARING A LOT. POOL. Play room. Roof garden.,negative
there was no running water in the morning when I left. don't change it's normal to take a shower,negative
",Noise\nUncomfortable beds",negative
Not as close to the airport as advertised.,negative
The frozen water in the bath,negative
A hotel that is suitable for an overnight stay. Small rooms. There is no view.,negative
No staff at night..,negative
"The quality-price ratio. You should only sleep with air conditioning in the summer, because there is a lot of noise from the nearby beach until early morning.",negative
After 20 minutes of waiting bad and half raw croissant\nWatery cappuccino,negative
The room given was not the one booked. small corner,negative
"Far from the beach. The hotel is average (3 stars) 400 euros for 3 nights a bit expensive. The windows overlooked the courtyard, where it was quite noisy.",negative
"We lived for a week\n1. Bed linen was never changed (cleaning and change of towels daily);\n2. the number is microscopic. Rented Nissan Micra and then more;\n3. the refrigerator is full of minibar for money, I had to pull everything out so that my products would fit;\n4. the hotel did not allow to turn over a couple of hours before the delayed plane;\n5. walk to the promenade of Larnaca for about 20 minutes, to Lidl for an hour and a half.\nThe hotel is really for one night.",negative
"The breakfast is delicious but the same. Eat what they bring you. A fruit van drove under the windows almost every day from early morning and the seller shouted into the mouthpiece. Walking distance to the center, but within walking distance of Mackenzie beach and all party cafes.\nPoor soundproofing from corridor.",negative
difficulties with the different sockets as they provided devices without adapters.,negative
None,negative
Arrived in the early hours clear instructions left access to our room made easy 😊,negative
"I went there while on transit in Larnaca, the building is completely refurbished, it is confortable and the self check in was very easy.",negative
#NAME?,negative
"quit area , easy find parking places",negative
"It was easy at the time to park car outside. Clean rooms, helpful staff.",negative
"Did not have breakfast. Good location for airport , only 8 minutes  by car",negative
Small and quiet,negative
The location near Makanzie Beach6,negative
A LITTLE BIT FAR FROM SEA,negative
Quiet location.,negative
The accommodation itself is very good. It is very central. The problem is finding it. It is located in an alley and google maps went crazy. Now I understand why they sent me a photo of how to locate the street.,negative
#NAME?,negative
Cleanliness/Towels: 10/10\nDesign/Furniture: 10/10\nStaff: 10/10,negative
We only had drinks.,negative
"The hotel is very close to the airport. All is clear. We were given a superior room with a balcony for free. Unfortunately, it was not possible to evaluate everything, since we arrived in the evening - it was already dark and left for the airport early in the morning (it was still dark). There are many restaurants and cafes within walking distance from the hotel (which was very convenient for us). Very close to the beach.\nWe were seated very quickly. We left at night with no problems.",negative
"New hotel. Clean comfortable room. Friendly staff. The hotel is located near the airport.\nWe read reviews that extraneous noise could interfere, but we traveled in the off season - there was no noise from the street, and the sound from landing / taking off planes did not particularly bother us",negative
"Location close to the airport, therefore during the day a lot of noise from planes taking off. Not heard at night.\nBreakfast was good, but not lavish. Had to ask for bread.",negative
"The ""street side"" rooms are noisier than those facing the back.",negative
Extremely thick bedding for the weather,negative
We didn't eat,negative
The meal is not included in the price,negative
Couldn’t stay longer,negative
Disappointed we didn't have a balcony,negative
parking not always easy,negative
it was a bit badly soundproofed,negative
no swimming pool,negative
That there is no kiosk open 24 hours close to the hotel.,negative
We had a late check in and there was no one in the hotel to give us keys and the door was locked. We had to ask the taxi driver to make the call because it was cyprus number.,negative
it was a bit noisy\nwe could here everything,negative
"Except excellent staff/owners and an ok restaurant, there is not much extra in this hotel or in the room. \nTips for improvement:\n- The out-of-order pool table hidden away in the backyard should be brought back to life.\n- The backyard itself could actually have been used so much better. \n- The small fridge in the room was warm (turned off) upon arrival and completely empty, and no local shop/kiosk nearby to fill it up. One small bottle of water upon arrival to double room feels a little poor. Would gladly have paid those 2€ more per day to have 2 bottles initially and being refilled daily with room service. A couple of cents more, to have even tea on the small welcome tray ;-)\n- Bathroom floor gets completely wet when (carefully) showering, as only half a glass wall covers the shower. \n- Bed frame has very sharp/hard corners, and it's easy to get hurt. Apply baby safety corners?\n- Veranda door and main door doesn't close entirely tight so main door slams in the night when it's windy. However fixable in MacGyver way using the bed cover and a tea spoon, although a professional seal attached to the door frame would probably be a better fix long-term ;-)\n- Beach towel services would also have been nice and useful, to avoid using lots of space/weight in baggage.\nAll in all, this hotel is great but still has room for improvement in many little details which could easily be fixed. Still getting our high rating as the staff is simply the best and made our stay a true pleasure, thus above comments should not scare anyone from booking this hotel. We highly recommend it and would definitely love to return!",negative
nothing all good,negative
The Smart television did not work,negative
The weather was a bit cold.,negative
Booked a taxi from the airport was a no show.,negative
I wish I stayed longer!,negative
not enough pillows,negative
"There are various things I would love to see improved, listed here:\n- the shower of our room is very inconviniently placed, making a mess because of insufficient coverage of the bathroom glass\n- the edges of the shower (between wall tiles and the shower floor) need replacement - they are hollow and seem moldy\n- the bin is rusty\n- the mirror is weirdly placed, on the right of the sink\n- due to the placement of the curtains, a lot of light gets in the room in the morning\n- there is no designated parking, you just park wherever you find\n- we have requested late check out (1pm) which we got and we appreciate it. However, we got a call that prompted us to check out at the normal time (12pm) as the next customers would arrive. I exllained thay we have been granted late check out and the clerk apologised. No problem for this, but I find it important to keep staff updated about these things.",negative
The duvet was for the winter and even with 23 degrees Celsius on the a/c it was unbearable!\nNo simple sheets on the bed either...\nOur only other choice was to close the a/c an go without covers but we could not open the windows because it was very very noisy. \nAlso the windows had no soundproofing whatsoever because the noise was too much!!\nWe gave the duvet a chance up to 3 am and then got up and opened the windows when the noise went down. We had to leave to catch a flight at 5am... Not a good night's sleep!!!\nAlso the room had a hair dryer and a kettle that we could not use because the plugs did not fit the sockets and the hotel didn't provide adaptors... So no use of that service in the room either!,negative
We booked a taxi at 04:30 in the morning to go to the airport. Very frustrating that the host didnt inform us that his taxi had a double Booking instead of ordening another for us.,negative
"Property feels cold without an warm inviting atmosphere, as it’s to minimalistic. Rooms are a nice size but is unfortunately situated on top of the outside bar area. Twin beds are provided and the pillows is not comfortable at all. The shower in the bathroom is open in-front which results in the whole floor being wet. Property have a great potential with some care.",negative
Nothing to report.,negative
The way room are furnished is not comfortable,negative
"Our plumbing had complications twice.  Moreover, the cleaning crew cleaned out our rooms and threw out a box of cookies next to our bags that was meant to be a gift.  These cookies are only made in Thessaloniki and cost us 25 euros.  When we asked if they had seem them, the owners brought them out of the trash room and offered to spray them as if that would be acceptable for an edible gift during COVID pandemic cautions.  It was nice that they tried, but they should be refunding us for the cookies we lost.  I feel bad writing a negative review because they were kind; however, only things near the garbage should be thrown out.  Not stuff next to guests' belongings.  I was extremely disappointed in how they dealt with the situation, and that they thought it was acceptable to take an edible gift out of a trash room and continue as if nothing happened.",negative
the rooms were not soundproofed enough,negative
"bed duvet much too thick, we suffocate underneath! Very hard bed\nNoisy, due to the heavy use of tiling and the steady stream of travelers arriving/departing for the airport throughout the night.\nDo not use this hotel other than for a stopover night near the airport",negative
The air conditioner does not cool enough,negative
Have to pay for breakfast,negative
The elevator. it needs more cleaning and maybe a complete renovation would be better.,negative
"Works next door, but unfortunately the owners can't do anything about it",negative
the small downside concerns the light from the outside at certain times,negative
"Beautiful accommodation, unfortunately at night it was fertilized in Larnaca and the whole city stank. Perhaps it was only short-lived.",negative
"bed a bit uncomfortable.\nUnfortunately, the organized taxi came too late/ a bit chaotic.\nEven if the hotel cannot do anything about it.",negative
Unfortunately the pool was closed.,negative
Quilts too warm for summer..,negative
Too bad the swimming pool is not indicated on the booking site and at the reception of the hotel!,negative
room a bit small. son of 16 had to sleep on the starter,negative
"Swimming pool , small and dirty",negative
Can be noisy from discos on Mackenzie,negative
not clean,negative
Minibar was empty and not working\n(annoying if you arrive after midnight\nand looking forward to a beer),negative
Receptionist didn't understand English very well and the staff could not give me any information about the bus to the airport,negative
The lack of adapters for sockets,negative
couldn't close one window,negative
Closure to the Airport\nHospitality,negative
Did not have breakfast.  Left too early.,negative
"We arrived in the night and were checked-in quickly and slept well the rest of the night, next morning we were ready to continue our trip. The hotel had been just renovated, very convenient for our short stay in Larnaka. Actually, it was a pity not to be able to stay longer. Next time.",negative
"Location very good, didn't have breakfast but the evening meal was poor as it isn't really a bar or a restaurant.",negative
Basic night stay but facilities are limited.,negative
quiet place,negative
"When the booked taxi didn't show up at 3 in the morning, the Htl owner drove me to the airport himself after I rang him out of bed....",negative
I cannot find a single negative point…which is unusual. Having spent 45 years travelling as part of work I am perhaps over critical.,negative
AC was a bit loud and the people in the next hotel were also loud to be heard from our room,negative
nothing!,negative
"Wanted to have in the shower shampoo, body soap and hair conditioner. The staff explained that the dispancer in the shower holds 3 in 1. Really?!",negative
"The noise from the hallway was very loud, the doors are not sound proofed at all and we couldn't sleep because of the noise that was coming around 11, 12, 1 AM.",negative
close surroundings are not that exciting and clean,negative
Nothing!,negative
"The lock on the balcony's door was broken (however they sayd ""we repaired it"" when I asked it wasn't done, the lock wasn't closing as it should)\nI see it as a problem, cause with the door unlocked theoretically anyone could open the door from the balcony and the noise from the street was entering to my room through the ""crack"".\nI almost broke the showers door, cause when you open the shower the door touches the toilet",negative
The breakfast could have had more variety.  They had no cereal on offer at all.  They had no ordinary tea on offer.  It was al Earl Grey. No proper plan tea.\nThis hotel is accessible to wheelchairs but there ramps are not to EU regulations.  VERY STEEP.  They really need to sort this.  The ramp right outside is very dangerous.  I am surprised I wasn't wheeled of this ramp.  I think booking.com should investigate this.,negative
that they couldn’t wait for 15min as i had just fractured my ankle and need to change my bandage and the Lady of the house was literally standing next to the door with a cleaner to clean the room. so i left without changing my bandage and had to do it outside on the street.,negative
The water in the bath is cold!!!!!! And that we were staying in the middle of August.. even David Shemesh was supposed to arrange boiling soup here,negative
Very thin walls. Everything is heard. At 3 o'clock in the morning we woke up from the fact that the garbage truck loaded the tanks.,negative
I can't even remember.,negative
close to the airport but no aircraft noise\nclean\nbus station nearby\nsalt lake nearby,negative
I have no complaints. 👍,positive
Nothing to complain.,positive
it wasn't like that!,positive
Nothing to complain about,positive
Nothing to complain about,positive
There was nothing to complain about!,positive
nothing to complain about),positive
"Of the minuses: sometimes a car came to pick up garbage cans at night. More precisely, the car poured them into its depths, not worrying about the noise and sleeping expensive tourists. Also mirrors in the room. There are plenty of them and they all distorted the image. rather made you fatter))\nEverything else is a plus!",positive
Constructive attitude of the staff.,positive
"Proximity to the airport has its own nuances: the noise of planes taking off and the smell of jet fuel are very audible. Near the beach at night there is a disco, which also makes it very difficult to sleep.",positive
The room was recently refurbished and very spatious. Nice view of the salt lake by the terrace.\nSinks and toilette separated by a door inside the bathroom.,positive
I did not expect such a beautiful hotel for such a cheap price\nDisgusting on the outside but clean and beautiful on the inside,positive
friendliness of staff,positive
"The reception of the staff, the cleanliness and the quality of the room.",positive
The noise emanating from the terrace when located on the 1st floor.,positive
"We had a horrible 4am arrival, instructions for access were sent in advance and absolutely perfect. In a clean, comfortable bed within minutes of arrival.",positive
"Great location for a late flight, everything was clean and nice in the room. We arrived late and got great instructions on how to get in on our own. Terrific late breakfast at the café downstairs, the manager catered to our every need",positive
"Welcoming by the staff, super clean, location and price",positive
"Fridge could have been put on beforehand so it was cold, the shower took a while to get hot, had to have a cold shower one morning as i needed to get out early. When you left it running for around 5 mins it got warm and was a good shower.\nOrdered pizza one night and was not great, too stodgy but I'm sure other food is better. The restaurant area is nice and the staff very accomodating.",positive
"We liked La Veranda\nOur son had a folding bed which could have been better, especially considering how comfortable the regular beds were.",positive
"there is no shop or pharmacy in the area, but the accommodation cannot do anything about this. overall, we are extremely satisfied.",positive
Lovely little hotel with very friendly staff. Breakfast was excellent.,positive
Nothing. It was perfect for my stay.,positive
I liked everything about the property,positive
"very nice restaurant, good food and service",positive
I liked everything!,positive
There was nothing not to like. Fabulous place.,positive
Everything was perfect!,positive
I liked everything.,positive
Liked everything!,positive
how clean it was and the bed and linens were soo comfy and everything smelled good,positive
all good,positive
"Nothing! The hotel was terrific. It was located near the airport, which is what I was looking for. You just need access to a car if you are doing to use the hotel as your base.",positive
Liked everythingz close to airport and town half an hour walking to town,positive
all was good nothing bad to say,positive
liked everything a little far from local shop but have everything we need in the cafe.,positive
very good location,positive
Nothing. All was great,positive
Immediate location wasn’t inspiring but lovely restaurants very close in the sea front and handy for Limassol and airport.,positive
It was all good!,positive
it was ok,positive
"Good place , excellent stuff, we will come back",positive
"Nothing :) it was soo nice and cosy, made me feel welcome from the first moment of arrival",positive
all was good,positive
"I have no reason to complain, everything was great!",positive
A bit farther away than most hotels so it's a bit of a trek to get to get to the busier beach and bars. But the area its in is good for water sports and is where the quieter beaches are.,positive
all good!,positive
I was happy with everything,positive
Good location and nice atmosphere,positive
There is nothing negative to say about the property. It was a wonderful stay n,positive
"The restaurant in the hotel lobby is good, although it took a relatively long time for our food to be ready.",positive
We liked the rule,positive
I liked everything,positive
Everything was perfect !,positive
The exceptional welcome in French\nProximity to the airport\nA nearby bus stop provides access to the city center and the airport\nThe cleanliness and design of the room,positive
Very nice and close to the airport,positive
Excellent value for money! Nothing to say 🙂,positive
"New, comfortable apartments, close to the airport, to very clean beach.\nStaff is extremely helpful and easy to communicate with \nTasty food on the first floor, comfortable restaurant for both cozy evenings and calm work to escape the heat in the midday",positive
"We had a really pleasant stay! The staff was very nice and helpful! The room was very clean, well decorated and modern, although not big. Also, the breakfast was amazing, fresh and handmade! Especially vegetarian version with humus. The cook is great, and all staff was very kind and helpful. I like hotels with a family atmosphere, cozy and not big. I recommend it.",positive
the location is great and near the airport. bus stop is very close.,positive
Great stuff\nGreat Quality/price\nClean,positive
"Clean and modern with very comfortable beds, in a very convenient location.  An easy stroll to numerous nice restaurants and a great beach.",positive
great,positive
"nice location, lovely personal, renovated,",positive
"My second time here and true to say it was better than the first which was excellent..\nThe staff here are amazing beyond expectations..*****\nMaria at reception is just great she really took time to explain where to go how to get there and so helpful ... 🙏\nRichard the chef this guy is like the friendliest guy ever, such a nice guy with a permanent. Smile 😁\nOh yeah the food is great to and very reasonable prices ..\nEven the cleaning lady is so friendly and so nice to talk to .\nThe rooms are spacious and clean great to stay .. I even got an upgrade which is always so nice.\nThe owners are also great it's like a real caring family set up ...\nThe bus stop which goes to and from the airport as well as the town center is a minutes walk away and just 2 euros \nI don't think I need to mention where I'll be staying next time I'm in Larnaka.. 😊\nBrilliant guys ... 🙏🙏🙏",positive
The staff were exceptional. So helpful and friendly. Went out of their way for us. The breakfast was lovely with room service too. Very clean and comfortable.,positive
"We stayed 1 week and enjoyed it very much. The rooms are lovely and new, very clean and comfortable. The mattress was to my taste. Short drive to the airport and very well located, just a short walk from the promenade, coffee shops restaurants. The staff are so welcoming, we felt like staying with family. We would definitely stay again on our next visit to Larnaca. Thank you so much for the great time we had with you.",positive
"I liked the rooms- they are spacious, clean, the window view is nice too. The restaurant downstairs is amazing- the food there is very very tasty and made with a lot of care- they care a lot about the details: olive oil galore, herbs- absolutely delicious!",positive
The owner and staff were exceptionally friendly and supportive and helped with all our wishes.  Our room had a balcony with great view of the sea and surrounding area.,positive
"A family run hotel, with extremely friendly reception and dining staff, very bright, nice seating areas inside and out. Meals well prepared and good value. Bus every 20 minutes to the centre of Larnaka.",positive
"The hotel is impressive how clean nice and comfortable it is, however what will bring me back is the staff and the owners.  Richard (the chef) is personally buying super fresh food for the restaurant.  Everything from breakfast to dinner is absolutely delicious. The owners have been super kind to me :)",positive
the beds were very comfortable,positive
I loved the mattress!!!,positive
The hotel is 5 minutes from the beach and the location is also near the lake.\nThe rooms are a good size and are laid out very well with a good size bathroom\nThe room also has a great sized balcony to take a tea/coffee and \nchill\nThere is a great restaurant inside where the food is good and not to pricey. \nThe staff are super wonderful really friendly all of them the receptionist Maria is so nice she's amazing \nKeep up the great work 👍🏼🙏,positive
"so comfortable, clean, friendly staff. perfect for overnight stay before flying from Larnaca Airport.",positive
very clean functional rooms. lovely and very helpful staff.,positive
Staff were lovely. Service was great.  The room was spotless. Great location for restaurants. Great location for a short drive to the airport.,positive
"Clean, comfortable, friendly staff. Great restaurant beneath the hotel - food excellent & reasonably priced. Very close to Mackenzy beach & Larnaca airport. We would definitely stay there again",positive
welcoming \nvalue for money \nlocation,positive
"Really clean ,  lovely caring staff. food was good too!",positive
great rooms - nice and cool,positive
It was really clean and spacious,positive
"Nice location, not far from Airport and Mackenzie beach.",positive
"Super friendly and helpful staff. A good location 5 lins away from the airport by car, 5 mins walk to the beach. Clean modern rooms, very nice breakfast.",positive
"The facilities were really good, particularly for the tariff charged. Was met with a warm welcome at reception and then again by the dining staff.",positive
"Clean and comfortable rooms, lovely owner",positive
Great location close to the airport and a short walk to the sea. Great value for money. The 2 rooms were big enough for a family of 5.,positive
Great little hotel close to airport,positive
"Near airport, nice clean room, very well kept. staff very helpful and friendly. good food",positive
"nice, renovated hotel, close to the airport and Mackenzie Beach, delicious breakfasts in the hotel restaurant, comfortable bed",positive
Very nice and clean room.,positive
Perfect place to stay for early morning / late night flights as it’s situated within 5 minutes from the airport. \nbeds are extremely comfortable and amazing hospitality from the staff.,positive
"Very clean, very comfortable room. Staff was extremely helpful. They ordered a taxi for us to get to the airport very early in the morning. We were able to enjoy a very nice, short walk to the beach where there were many restaurants available to choose from. We will definitely stay here again when we come back to Larnaca.",positive
"Close to the airport, the staff were nice and helpful.",positive
Excellent range of food offered and good service.,positive
"Comfortable location near the airport, and near the beach.\nCaring and helpful host.\nRestaurant on site\nComfortable beds, the best linen and duvets I had\n in my entire 10 day trip.\nIn room mini bar+ tea/ coffee \nClean modern bathroom.\nGood AC.",positive
The location was perfect for the airport as we were flying out to uk. The entrance to the hotel is welcoming and the bar and coffee shop chic.\nThe gentleman  in reception was very friendly and had a lovely smile. \nThe place was spotless and very comfortable. \nI would definitely recommend it and will be staying here again.\nThe fish and steak restaurant around the corner was also great value and friendly.,positive
"The place and the people are lovely, I couldn't ask for more during my stay especially with such a price.",positive
Lovely staff doing best to assist always. wonderful room.,positive
"The hotel is based on a quiet place near to the airport, beach and the Salt Lake in the city. The location is excellent, as there are lots of parking places around, as well. Regarding the rooms - very clean and cozy ones, with comfortable beds. Furthermore, there is a restaurant in the hotel with delicious food. The staff of the hotel is extremely friendly and nice.",positive
The staff is very VERY helpful and eager to assist. All went amazing!,positive
"Nice friendly staff. clean, nice room, big bathroom",positive
It is a new hotel. Everything was clean. \nWe had dinner. It was delicious and inexpensive. \nMc Kenzie Beach within walking distance.,positive
Close to the airport and clean spacious rooms.,positive
Amazing staff \nsuper clean \nmodern \ngreat location,positive
"Good food in the restaurant downstairs, friendly personnel",positive
"Super friendly staff, nice restaurant.",positive
Clean comfortable little hotel. Lovely friendly staff. Good location and easily reached from the airport.,positive
"Close to Larnaca airport. \nVery nice rooms that were very clean. \nhelpful, friendly staff.",positive
"New room, very comfortable. Nice restaurant in the same building very welcoming with nice offer. Bus stop for the airport walkable.\nFrancais parlé parfaitement",positive
"The best hotel at Mackenzie! Amazing staff, modern facility and very tasty food with a super service at the restaurant by the hotel.",positive
clean and quiet - perfect location for the airport,positive
"the staff is very nice, the room is very comfortable.",positive
"The food we had was excellent, service was excellent we will go back.",positive
"We used the hotel only for one night because it is close to the airport. but i must admit the location offers some nice places for at least a two-nights stay for sure. The nearby beach (mackenzie) is nice, long, with some cool and fancy bars. there is also the salt lake which I wished to visit but didn't have time. The Hotel itself was very nice, spacious, clean and modern. Only thing I didn't like were the blankets - too thick for this incredible hot hot hot weather.",positive
very clean and the staff was wonderful,positive
The staff were very hospitable and very helpful.,positive
"Nice modern and clean rooms. The location is excellent close to Airport, Makenzie  beach and touristic area, and bus stop going from Airport to town is few meters away. Very friendly staff.\nHighly recommended.",positive
"We only stayed for a night but we were super happy with our stay at the La Veranda Hotel. The staff was super nice, the rooms were very clean and the bathroom was spacious.",positive
"Everything was very good. Staff very polite and helpful. Rooms are clean. Breakfast was delicious. Hotel is near to the beach, airport and bus station.",positive
"Stuff in the hotel were very helpful and nice, my stay in la veranda was perfect, mackenzie beach is few minutes, airport near, best location in larnaca.",positive
"location near the airport and beach 10/10.\nfront desk are absolutely perfect 10/10\nhotel restaurant delicious! 10/10\nthe room perfect! \nnothing to say,",positive
"The room was clean and comfortable with everything I needed including a fridge and kettle. The shower was great, the air con worked well. It's in a great location for the airport and the beach. But what made La Veranda stand out was the fantastic service, they couldn't have been friendlier, kinder or more helpful and it made a massive difference for me as they were able to accommodate my specific needs, for which I was extremely grateful!",positive
Nice and simple hotel. Very convenient location close to the airport. The front desk was very friendly and helpful.,positive
Very friendly staff,positive
"The best 3 stars hotel I have been ever! Clean as hospital, super comfy, close to one of the best beaches of Larnaca region, perfectly connect by public transport with Larnaca city centre, all that with quite reasonable price.",positive
"The food was very tasty (I didn't have breakfast but ate dinner at the restaurant), staff very helpful and friendly, very nice bathroom, and the room was well equipped and also smelled very nice.",positive
"very clean and comfortable, close to the airport",positive
The guy at the reception was very kind and helpful! \nThe room and bathroom were of very good size and clean! \nOur bed was so comfortable! \nWe wanted something close to Makenzie as we had plans for the night and this place was just perfect!,positive
"The breakfast prepared by Richard was delicious and freshly prepared. As well there are many choices from Cyprus to English breakfast.\n Very friendly and the most helpful host.\nImpeccable service, very comfortable bed, pleasant and relaxing staying in Larnaca.",positive
We took the suit has we were 2 adults & 3 kids.\nthe room was clean & the bed were comfortable\nif the hotel had swimming pool it would be perfect\nthe lady in reception (Maria) was VERY helpful\ngood value for money,positive
"La veranda was lovely and clean,great friendly staff and great chef.Brilliant location for beach and bars.",positive
"Modern, clean accommodation. Good food and great staff. Richard is a star!",positive
Room was clean and the bed was comfortable \nFriendly staff and great location,positive
"Great localization, very helpful and kind personel, very clean room and bathroom, I recommend this place a lot \n12 stars :)",positive
the proximity to the airport\nnice restaurant at the hotel with a external balcony,positive
Everything. It felt like a home from home. Fantastic hotel with wonderful staff. Exceptional,positive
very convenient friendly staff near mackenzie beach,positive
"We stayed 9 nights at this beautiful little hotel and it was extraordinary. Close to the airport and also a 5 min walk from Makenzie blue flag beach. The room was super clean, everything new and cosy, the bathroom with a spacious cabin shower. The bed and pillows were very comfy. The staff was super super friendly and made everything possible for our stay to be perfect. Rich breakfast with various local food. Also we ate dinner a couple of times at the terrace and everything was very tasty. We have absolutely nothing to complain, it was a dreamy vacation and for sure we will come back. Thank you for a perfect stay!!!",positive
"the staff were so incredibly friendly. such a nice hotel with good rooms , clean, smart and comfortable. But it’s the staff who make this hotel:",positive
"Great place for a night before a flight. Very friendly staff, let us into room as soon as it was ready. Everything was super clean, modern and comfortable. Great for the price.Arranged airport taxi for 6am too.",positive
Perfect stay. \nThank you.,positive
"very close to the airport after a late flight, lovely friendly staff who checked us in quickly and beautiful, spotless room. really comfortable nights sleep in an air conditioned room after a great shower. beautiful fresh breakfast which was very reasonably priced. also stored luggage and called a taxi for us.",positive
Lovely staff. Good food.,positive
"It was exactly what we were looking for. A comfortable, nice and clean hotel near the airport. The facilities are wonderful, brand new and full equiped. We really enjoyed the dinner in the restaurant. Everything was freshmade and prepare by the cheff... nice shower and bed. Excellent value for money",positive
"I needed a place to stay near the airport for a few hours before catching my plane. it was great, comfy, air conditioned and clean. very good value for money",positive
"Fantastic location for the airport on the beach. Easy check in at 3am. Staff are great, hotel is clean and service fantastic. The breakfasts were amazing. Thank you",positive
"Clean rooms, very friendly staff and great location as it is close to the airport.",positive
The perfect hotel.,positive
This hotel was amazing. Exceptional friendly stuff and the breakfast was really delicious.,positive
"All the staff were so accommodating and friendly. This is a really well run, family establishment and couldn't have been more perfect for our stay.",positive
very clean and homely,positive
"Super clean place , excellent staff and service \nAnd on top of everything is the food , the food is SUPER EXCELLENT 🙏",positive
"We had a short stay. The staff are good and room is clean. We liked the location, near the airport and at the same time short walking distance to the beach and restaurants,\nWe had a good walk on the beach and around. The food at the restaurant is a must try, pretty delicious.",positive
"Great accomodation, clean, quiet, friendly and helpful. We ate 2 meals at the onsite small restaurant, both were delish and the service was great. Ours was a 1 night stay prior to our departure flight to be close to airport, 5 min drive to airport.",positive
"The food was excellent. Richard, the chef prepared the fish, which was the best that I ever tasted.\nAll in all the stau at the hotel was a wonderful experience!",positive
"Very nice place, just few steps from the salt lake and the McKenzie Beach (with shallow water, good for people who are not too good swimmers, a lot of cafes and bars nearby). The staff was very welcoming as well. Another plus is the electronic system for saying if you want to clean-up your room or you don't want to be disturbed.",positive
Personal was friendly.. Everything was clean. Nice place.. 👍,positive
IMMACULATELY CLEAN!!! The bedding and floors were SOO CLEAN. The staff so friendly and kind and helpful!!!,positive
all good,positive
"Sparkling clean, comfy bed, friendly staff, delicious breakfast (great freshly made croissants)",positive
"Everything was perfect, big clean rooms, warm welcoming, great staff.",positive
"Very close to the beach, very clean hotel, the Team is very friendly and the food is terrific.",positive
"The chef was very kind and friendly, also the food was delicious, especially the jasmine burger.",positive
The staff accommodated my arrival at 3 a.m. with very clear instructions. And breakfast was served until noon! The building manager/owner is exceptionally congenial. Also the manager of the kitchen.,positive
Very friendly staff.,positive
lovely,positive
"it was clean and modern, ideal for our large family",positive
"Good location, friendly people, good a/c",positive
"Everything was exactly as promised, clean and well organized. The staff were so friendly that we really felt we are at home with our relatives. The food at the restaurant was amazing. Richard as the head of Hotel's restaurant, cooks with passion and almost everything from scratch. So fresh and good looking. He makes a simple breakfast amazing and his lunch table, looks like a feast.",positive
"it is clean, beautiful and perfectly located being 5 minute walk from the beach, restaurants and cafés. \nkind service with a smile!",positive
"Very clean and new, food was 5 star! The best club sandwich ever!!",positive
"Super clean, close to the beach and great restaurants, the staff is exceptionally nice, next time we will come for more than one night!",positive
The room was very clean and ac worked well. Staff was very friendly. Definitely worth the price.,positive
Staff were very friendly. Great to come to from the airport.,positive
Welcoming owners and great location. Good value. The beach is less than 5 minutes away.,positive
it was a really nice room\nwe loved the breakfast\nvery friendly people,positive
The stuff was very friendly and helpfull. They exceeded my expectations.  Breakfast for charge same as anywhere else was enormous size and very delicious.,positive
Very friendly and helpful staff !  Beautiful hotel and very cheap 10/10 recommended,positive
"The food was very good,the chef is kind.",positive
"the room is very clean，the bed is comfortable， the facilities are new, i like this hotel",positive
Very nice,positive
"very clean room, comfy beds, very nice showers. all freshly renovated.",positive
This was only a one night stay before moving onto our holiday accommodation for the rest of the week. We arrived later than planned due to flight issues but the owner was aware as he had tracked our flight; despite being late we were offered food and drink in the bar which was most welcome. The room was clean and an adequate size with a nice balcony. Breakfast was outstanding. The staff were all friendly and welcoming - especially the restaurant owner.,positive
Its was a nice place clean and the room was nice,positive
Very good. Staff very friendly and very helpful. Very comfortable nights sleep,positive
"Excellent staff in this family driven hotel. Very helpful and pleasant people who speak perfect English and couldn't have been better -- all the way from the booking process and online dialog to putting us on a taxi to the airport! This alone is reason enough to come back :-)\nRooms and hotel in general are very clean, aircon modern and quiet, and room service is also excellent.\nPlenty of electricity outlets in the room, also by the bed, but remember the UK-adapter to use standard EU-plugs ;-)\nThe double bed, although nothing fancy, was probably the best hotel bed we've slept in ... ever!!!",positive
the Cyprus hospitality at the highest level. Feel at home in 1 minute with owners welcoming you with a big smile.\nthe location is convenient and the room had a big balcony,positive
"very friendly staff, rooms were clean and ideally situated for the airport",positive
"Beautiful property, super clean, rooms where really spacious and fresh and clean. Breakfast was amazing in a beautiful setting and the management are wonderful.",positive
"great location for bars, restaurants and beach at a very good rate for the excellent standard of accommodation",positive
"Great location with very welcoming staff, and very clean",positive
"Thank you so much for a very warm welcome and comfortable stay. The hotel manager was reachable at all times due to my flight times and further delays. I couldn't have asked for more informative and reassuring service. 5 star service!\nThe location is very nice of this hotel due to such close proximity to the beach and restaurants. \nMost importantly it is very clean! All in all, awesome!",positive
spacious room and minifridge; large bathroom; very clean and comfy bed and lovely little balcony; staff was very friendly and lend me an adaptor several times. \ni didnt want to be in the center so for me the location was perfect! walking distance to airport and close to the more luxurious beach strip with delicious restaurants.,positive
"Very clean, comfortable and pleasant! The staff were very accommodating and kind. We will definitely come again! highly recommended!",positive
"We booked this hotel last minute and we were extremely happy with the service. They have great staff, are very welcoming and the restaurant at floor level is awesome - Richard is a great chef and his friendliness will make you want to extend your vacation for sure. We felt like we were part of their community and this is due to their opennes. The room was extremely clean and their room service makes sure to keep it this way, All in all, the best experience we could have asked for",positive
"The owners were very friendly and helpful. The hotel is small, which we liked, and is about 10 minutes from the airport.  The rooms were a nice size, very clean, and modern. We had both a family room and a double room, and they were perfect for our quick stay.  The taxi driver had a hard time finding it to drop us off, as it’s amongst several apartment buildings on a small side street.  That’s the only negative. We also had dinner there, and the food was very good and the chef  was very friendly. We’ll stay again if we travel to Larnaca in the future.",positive
"Absolutely everything was great!!!!!!!!!  Staff super kind, professional, polite and helpful. Bed was soooooooo comfortable, I didn't want to leave my room!! Also thank you for taxi, it arrived right in time!",positive
"Our stay was just about perfect. This is one of the most impressive stays we ever had with a Booking.Com reservation.  The location allowed us to walk to the beach and restaurants.  The family that runs the hotel was incredibly friendly and very, very nice.  The rooms, lobby and restaurant were lovely; exceedlingly modern, and comfortable.  We ate dinner at the hotel because we were so impressed with ""chef Richard"" and the food was fabulous.   Were had cocktails on the lovely patio and had the chance to meet and chat with other guests.",positive
"Wonderful modern family run small hotel.  It’s very close to the airport which worked for us.  The rooms are spotless, the shower fantastic. The pictures are very true to life. The family were so helpful.  THANKYOU!",positive
"Very cozy, modern, clean hotel close to the airport. The staff is super friendly and attentive. The room is spacious and new. The location is super convenient, only few steps from the beach. Highly recommended!",positive
"Very modern, clean hotel\nGreat location, quiet\nLovely staff",positive
"Great accommodation, wonderful staff, delicious food, tranquility! I heartily recommend it!",positive
excellent location near airport then easy drive into larnaca. very friendly and helpful staff.,positive
"Friendly staff, delicious breakfast. Very comfortable beds. 10 mins walk to Mackenzie Beach and 40 mins (3 km) walk to downtown on a nice promenade.",positive
Everything was clean and cozy. We were introduced very good in everything and we felt very good there!,positive
"Clean, great attentive staff, location.\nWe booked the hotel to facilitate a stop over due to a late flight into Larnaca before travelling onto our holiday villa. What a pleasant surprise. The hotel was close to the airport - 6 minutes by taxi (€20) - and we arrived late. The staff could not be more helpful and showed us to a really nice room with a balcony over the front of the hotel. We slept well in a comfy clean bed and had a terrific breakfast on the terrace before they arranged a car for us to get back to the airport to collect our hire car. Nice start to our holiday highly recommenced.",positive
room was big enough with comfy beds for family of four; liked having a small balcony for outdoor space.,positive
Friendly staff.clean and comfortable beds.,positive
Booked this as it was near the airport and we arrived at 11pm and didn’t seem worth paying for one night at the 5 star we stayed at for the rest of the holiday. \nVery warm welcome and very clean and comfortable- as good a hotel as I’ve stayed at for £50 a night.,positive
it’s clean and very nice crew,positive
La Veranda Hotel is very comfortable and clean.\nThe staff is very nice 😃\nThe Breakfast is so delicious\nGreat location !! Near Mackenzie beach and very close to the center.\nI highly recommend😁,positive
"It's my second time at La Veranda and I can honestly say that this is one of the best hotels in the region, if not the best. Would definitely recommend it!",positive
"I had a wonderful experience at the La Veranda Hotel. Every staff member I encountered, from the valet to the check- in to the cleaning staff were delightful and eager to help! Thank you! Will recommend to my colleagues!",positive
"The rooms were clean, very comfortable, and the staff was amazing. They went over and beyond to help make my stay enjoyable. I highly recommend this hotel for anyone visiting downtown!!",positive
"The staff is always very helpful, exceptional!",positive
"The staff were wonderful, so friendly and welcoming and the food was superb. The hotel was clean and easy for the airport.",positive
"The hotel is in a residential neighborhood of apartments and is modern.  The bed linens were wonderful and the mattress was neither too hard or soft.  Breakfast is not included in the hotel cost.  However, there is small restaurant within the hotel lobby that charged $10 euros for a very nice hot breakfast (no menu - you get whatever is served).  The hotel is approx 10 minute drive from the airport and 20 minute drive from the historical area.",positive
"Very smart, modern rooms and everything you need. Family feel and very friendly. Having a family suite was a big bonus and lots of space.",positive
"This hotel is in a great location for the airport and restaurants. The owner and staff are so welcoming and helpful. Taking time to print off flight documentation, booking taxis and even when my flight was cancelled, I was able to keep my room for longer without a problem.",positive
"Very nice hotel, close to the beach, but situated in a quiet place. Helpful, friendly staff. Tasty breakfast.",positive
"La Veranda was very clean, provided everything needed (even a bottle of water in the room!), and was flexible with our schedule. The staff was excellent. There are a series of delicious and fun restaurants on the beach quite close to the hotel, which the staff of the hotel kindly told us about.",positive
Very convenient location for arriving at the airport.,positive
"Boutique hotel in the quiet area. Staff was friendly and helpful. Only few kilometers from the airport but quite distant from the city center. On the other hand - close to salt lake to have opportunity to watch flamings. Good, tasty breakfest.",positive
A nice and clean boutique hotel. Close to airport and Makenzie beach area. Taxi fare to airport around 15-18 euro.,positive
"Staff were happy to go above and beyond to help me with Covid restrictions for the airport, which was very close by. I actually had a couple of issues that would have made it hard for me to travel had it not been for the staff. The breakfast was good. The room and location were excellent value for money- I was also upgraded a room free of charge, I suspect because the hotel was quite empty. Lovely balcony view of the ocean.",positive
Friendly staff\nVery clean and cozy\nClose to the airport,positive
"Very pleasant, helpful and friendly staff.",positive
"It was my second time in the hotel and everything was just great:\nthe new and well furnished hotel with comfortable rooms;\nthe location is good, only 20 minutes away from the centre but located in a quiet area;\nroom was cleaned every day;\nthe staff is polite and helpful;\nwifi is strong all the time;\nthe hosts are very kind and smiling people;\nthe Garnish restaurant downstairs is a very warm and cosy place with tasty breakfasts every morning. Mr. Richard and Sendi are awesome, it’s such a pleasure to start a day with their smiles.\nIn short, I will definitely comeback to La Veranda Hotel, the atmosphere there makes you feel like home.\nWorth every Euro you spend.",positive
recently refurbished and very clean!,positive
"location is good you can take bus 425 from the airport to somewhere close enough to the hotel. stuff were super nice! room is spacious and clean, bed is comfy too.",positive
"I had a great experience staying at La Veranda hotel right from start till the end.\nThe staff was very welcoming and friendly, the room is just as in the pictures; newly renovated, fully functional and most importantly comfortable and clean.\nThe hotel's location is convenient. Very easy to catch public transportations, many café around and close to the center.",positive
"My stay at this hotel was a great experience and would definitely come back with my family! The staff was so helpful, friendly and welcoming. My one night stay felt like home! Great location very close to the airport, 1 minute walk to the bus station, beach and restaurants.\nThe room was very clean and spacious. The mini bar was rich and very well priced, even breakfast was presentable and tasty!\nHighly recommended!",positive
"Christmas vibes, nice ambiance. Staff make you feel at home. Quiet area. everything was perfect. definitely will come back.",positive
"Very welcoming couple, helpful, and happy to help for any situation or question.\nI managed to remote work from the room and balcony, that was pleasant.\nWould definitely come again!",positive
"What i liked most about the hotel is the room, bed sheets and toilet are super clean. Bed is very comfortable. On top of that, the hotel is less than a minute away on foot from the bus station. \nThe city is nice, a lot of restaurants, bars and shops in the area. And of course lots and lots of beach shores to relax at, one of which you can get on foot for less than 5 minutes.\nThe staff was nice, they gave me recommendations on what places to visit and how to roam around.",positive
"The modern, nice hotel, accommodation for one night before departure. The hotel arranged a taxi to the airport for 15 €",positive
Wonderful people on reception and in the restaurant :) always smiling and glad to help,positive
The management/husband and wife/were fantastic as were all the staff!,positive
"we stayed in this hotel one night prior to our departure from Cyprus - close proximity to Larnaca airport. close to Mckenzie beach with lots of restaurants for dinner, hotel allowed us to check out later prior to our flight. breakfasts were nice. very clean.",positive
"Very clean, staff very welcoming and helpful. Pet friendly hotel, highly recommended we had no extra charge for our dogs, quick response when asking about bringing them. Nice freshly decorated rooms.",positive
the place was very clean and there’s an incredibly kind and helpful staff. food was delicious and everything was very clean. the airport is very close and the beach is a five minute walk away. they were very flexible about our strange schedule.,positive
Super friendly staff. Nicely renovated and clean hotel. Quiet street with sufficient parking facilities. Fantastic value for money.,positive
it’s was exceptionally clean and staff all very friendly,positive
Perfect location to McKenzie Beach and only a 30 minute walk to the central marina. Everyone was very accommodating and welcoming. \nA nice addition to the very clean and tidy room is Netflix.,positive
"Staff were very friendly and extremely helpful. A lovely family hotel, refurbished during the main Corona period. In a quiet area 10 minutes from Larnaca airport. Only 6 minutes walk down to the beach & restaurants.",positive
"Excellent everything.  We got there early, around 10 am and they had our room ready.  The place was clean, spacious and really nice.  It was a pleasant walk to the sea but there was not much else to do close by.",positive
"I stayed in this hotel (twice) because of the location to the airport.  But, I found it be clean, modern, comfortable and great value for money.  It is a 10 minute walk to Makenzie Beach and those restaurants, but it also has a nice patio restaurant for a meal or cocktail.  The rooms are a bit small, but they have nice amenities (fridge, coffee making, AC, nice balcony) and are spotless and comfortable.  The staff is nice and it's very welcoming.",positive
"nice small hotel not far from the airport.\neverything was good. clean and fresh rooms, good hosts, and 5 min walk to the beach.",positive
This Hotel was perfect for us because we arrived late at night with the intention to get some rest before we continued our journey. It’s location was ideal for the purpose of our stay because it’s close to the Larnaca AirPort. The host of the Hotel was so kind and helpful. Always a smile on his face with great energy and amazing hospitality making sure we had a great stay. I would rate him 10/10 for sure!,positive
Clean fresh nice and peaceful \nVery welcoming,positive
The staff was super nice!\nWe needed a taxi for the airport and they've helped us book it for a really good price (better than everything we've seen online). The room was really clean and the bed was comfortable.,positive
Absolutely clean and friendly staff. Ultimate hygiene. Very clean . Very economic . Staff and owners very friendly and helpful . Location is great . Definitely a place to come again if came to larnaca,positive
"It’s definitely one of the best accommodations I’ve ever been in. Everything was just good:\nClean rooms, cleaning every day;\nGreat staff and very pleasant hosts;\nStrong wi-fi at any time;\nVery friendly and comfortable atmosphere.\nGarnish restaurant on the ground is amazing! The owner is a very kind person and creative chef. I’ll miss his breakfasts.\nIn other words, I’ll stay here my next time in Larnaca for sure.",positive
"Very good value for money, the room was nice, with a big balcony.",positive
I stay in larnaca every year but this was my first time at La Veranda and I’d 100% recommend! The owners were absolutely lovely and made sure we had everything we needed! Property was clean and modern and location was good.,positive
Extremely friendly people work at La Veranda! they helped us in any possible way. thank you!,positive
"great friendly staff, very welcoming, the owner took me personally to our room, and gave me a prime parking spot.\nhe introduced us to his daughter who was learning the trade and she was super nice and helpful.\ncouldn't have been more pleased",positive
"Great location 5 min walk to beach And amenities , staff very good and helpful, rooms were comfortable snd very clean",positive
We picked up our hire care from the airport and within 10 minutes we had arrived. A family run hotel. Exceptional staff who were so friendly and keen to please. Rooms were also exceptional in their cleanliness and although compact had everything that you might need for your stay. I rarely write reviews but this place deserves to do well. Also only 10 minutes walk from beach and loads of restaurants.,positive
"Staff and owners were very welcoming, breakfast was a typical Cypriot one, not much parking around the property which was an apartment before being converted into this hotel, the inside is excellent compared to the view from outside",positive
6 mins drive from the airport \nLovely clean room\nComfortable bed\nEasy parking \nLovely helpful staff,positive
* Very clean and comfy room with balcony\n* Simple clear contemporary decoration\n* Near the airport\n* Friendly staff.\n* Healthy breakfast.,positive
"We’ve chosen La Veranda as we had an early flight from Larnaka airport, and we enjoyed one night stay. There is a beach strip nearby with various restaurants for every taste - we walked there, had cocktails in one place, and a dinner in another. Breakfast in the hotel was great, and we were in the airport in no time at all.",positive
"The communication prior to arriving was brilliant. The staff at the hotel were friendly, polite and nothing was too much for them. Always willing to help in anyway which made our stay enjoyable. Extremely clean too.",positive
Excellent all round would come again,positive
"Excellent service, very kind and helpful staff, the room with a balcony overlooking Makenzy and Salt Lake made an amazing impression. I recommend the breakfasts, which are really delicious.",positive
"The staff were exceptionally attentive to ensuring that our stay was pleasent. Hospitality was great, highly recommend the hotel 😊",positive
Enjoyed an excellent overnight stay before heading the the airport. Loads of bars and restaurants 5 mins walk away on the beach. Really friendly and accomodating hosts.,positive
Friendly Staff. Nice room with comfortable beds and nice bathroom. Good choice for travelers in larnaca,positive
Location and staff\nThe food was amazing at the restaurant,positive
"Bright, cozy, looks like almost new hotel in silent part of town. Very helpful staff. 15 minutes drive from the airport, 15 walk to the city center, about 300 meters to the nice beach.",positive
"I stayed for a couple of nights so that I could quickly get to the airport. Cozy, clean hotel, with wonderful staff.  Can also enjoy delicious breakfast, if desired. Nice place, recommend",positive
"Richard is the chef at the hotel.  The food he creates is outstanding and delicious.  Even the simplest of food ie. chicken burger and salad was made to taste exceptional.  Whether you stay at the hotel or not you should go to their restaurant for lunch or dinner or both. It will not disappoint and you will want to keep going back.  Richard cooks from the heart.  \nOverall the hotel is well situated, the rooms are stylish and the beds very comfortable. The staff are helpful and friendly. \nThis was my first stay at the hotel and I would gladly stay again. I highly recommend it.",positive
"It was very clean, very comfortable easily a 5 star hotel. Very welcoming, 5 minute walk to the beach. The chef is incredible and very friendly, the kind of person who loves nothing more than you enjoying his food!",positive
"Excellent Hotel.Is my 5th time that i stay in this hotel and i want to say that is better than a 5star hotel.Especially,the chef of La Vernada Hotel is perfest,he made delicious breakfast,lunch and dinner and his food is better than a 5star hotel.Moreover,the price of his hotel and the prices of the food are very good and are not expensive.Absolutely fantastic hotel with an excellent chef that make this hotel perfect.\nKonstantinos Charalambous",positive
The staff was very friendly. The room was very clean and comfortable. The food was delicious. Highly recommended.,positive
"Stayed at hotel for 1 night before departure - were pleased by staff and got early breakfast as well as had nice evening in bar. Hotel administrator helped us with taxi. Clean rooms, comfortable beds - everything was giod!",positive
"Very nice and helpful staff able to go an extra mile for your satisfaction. This hotel has great location, because it is very close to the airport, beaches and entertainment. Rooms vere very spacy, quiet, tidy with a modern design. Breakfasts were tasty! I was very satisfied with their service and I will surely come bact when I come to Larnaka.",positive
"hotel was exactly what we needed. great location,walking distance to the beach and close to the airport. interior was clearly recently renovated. staff was very friendly",positive
Very friendly and helpful staff.Clean facilities.Good breakfast,positive
"Great location! Convenient to the airport and the beach. Professional and friendly staff. If you are looking to an affordable, clean hotel 5 minutes away from the airport and within walking distance to the beach, restaurants, and other amenities this is the place for you!",positive
Very good service,positive
it is recently renovated building therefore the rooms were nice and clean. Mackenzie Beach promenade is 5 min walk.,positive
"Everything was perfect!\nNice location, excellent rooms, very friendly staff!",positive
"Very clean & modern, good customer service and restaurant/bar very reasonably priced and quality",positive
"Very clean, nice renovated rooms, staff was fantastic and price was great",positive
Everything was excellent,positive
Amazing staff. I met the owners at the reception and they took care of my girl and she was very happy with her stay and the room was clean and ready by 12 to check in.,positive
"We liked a lot the hotel, it's location and services. But the most we liked — the personnel, especially the Chief. He is real professional, was always trying to prepare for us traditional vegan dishes of local cuisine (always delicious!). More over, he was very friendly and kind-hearted to us, recommending places of interest, routes e.t.c. Thanks to Cyprus, Thanks to La Veranda, thanks to the Chief!)",positive
"Amazing stay, near Mackenzie Beach just 2 min walk. The staff is superb, clean and spacious rooms. Will definitely come back again. Much recommended",positive
Very good team\nGood hospitality\nGood food\nSmiling and willing people.,positive
All was good,positive
"Perfect play renovated to relax! The owners (mum&children from lebanon) are very kind and ready to help even they invite you to sit with them and relax with a drink at night! The rooms are brand new very good bedding!\nFurthermore, i can speak about richard the chef of the hotel! He makes you feel like you know each other years before..!he is kind polite ready to help you with whatever you want to eat and drink! Delicious food and 5* facilities! Keep going guys and for sure is my favourite place for holidays!",positive
A wonderful place run by wonderful people!,positive
"This hotel was excellent and exceeded all my expectations. The restaurant had delicious food, the service was incredible, rooms were to a very high standard and clean. I am very pleased to stay here and grateful for the staff, they have been helpful, kind and professional. I highly recommend this hotel.",positive
"If I could give more than a rating of 10 I would. \nThe location is amazing. Being close to the airport in Larnaka makes travelling easier. Also being right next to the Salt Lake is a must-see especially if there is a good sunset. \nWithin a 10 minute walk you can be on MacKenzie beach which is well maintained and cleaner than other beaches we seen in Larnaka. Rebuke lounge at the beach is worth visiting for the quality of food and decor. \nThe hotel is next to a bus stop for travelling between downtown and other locations. Very handy since we didn’t hire a car. \nThe staff make this hotel great. They are friendly, warm, helpful. Always willing to do more to make the guest have a better stay. \nThe recently renovated room is about as clean as it could be. The facilities are modern and new. The shower is amazing for couples to use together. The balcony is a nice addition to an already fresh, well presented room. \nThe double bed is extremely comfortable and the new bedding was a delight. It is hard to get a comfortable sheet to sleep with in a country as warm as Cyprus but we were happy with everything offered by the hotel. \nThe minibar was extremely reasonably priced and well stocked. \nAircon perfect, easy to use. \nWifi great when we used it. \nWe didn’t take advantage of the pool in the hotel only because we ran out of time but on another trip we would have done so. \nThe front of the hotel is an extremely nice place to unwind in the evening.",positive
"Great staff, very clean and modern rooms, great value",positive
"Walking distance from the Mackenzie beach, beach lounges and restaurants.. the hotel and room were super clean. The staff were really welcoming and breakfast was awesome. Would definitely book again upon my next visitz",positive
We liked everything! The staff and hosts were great! Quiet place! Pet friendly! Will visit again for sure! Value for money! Just an amazing place.,positive
Very nice and kind stuff! Breakfast was tasty and excellent.,positive
"Everything. Very friendly and helpful staff, comfortable rooms, great location. Highly recommend.",positive
"My stay was fantastic, steps to Makenzy beach, cafés, and restaurants. Easy access to nightlife. The building is very clean and made for a comfortable stay. The staff made me feel welcome and was very helpful when asking about things to do. Definitely will be back!",positive
"This hotel is very new and completely renovated. It’s spotless clean, comfortable and very good service from the family that owns it.\nWe felt very welcome. The room is completely new and very clean. The mini bar was really well equipped and very cheap. Free parking, close to the city and very accessible by any transportation.",positive
I had a wonderful experience at La Veranda hotel. Staff was amazing and very welcoming. Rooms are so clean and comfortable with variety of snacks at very affordable price. Walking distance from the beach and very easy access to public transportation,positive
The room sizes were excellent for the wheelchair.\nThe hotel was airy and light.\nThe hotel was nice and very clean.  It was the reason why I booked (the reviews).\nIt was great accessibility to where we wanted to be.,positive
I Didn't eat at hotel .comfortable bed lovely soft duvet and pillows.good shower,positive
"Everything was pretty good, and as expected",positive
"I really liked how polite and friendly the staff was, and I also liked the size of the room an the bed",positive
Very friendly people.\nVery spacious and clean room.\nVery close to the Larnaka airport as we needed it to be.,positive
Friendly Staff!\nVery modern rooms,positive
Breakfast was very filling. It was located on the table in front of us (funny question).,positive
the staff were lovely,positive
Clean room. Good location for makenzie beach. comfortable bed\nStaff was excellent,positive
"-Location is good and rooms are very well maintained. Convenient by taxi to city Center,airport and beach.\n-Peaceful and good for couples and backpackers. -The sandwiches and hummus by the chef were delicious. 🙂\n- Mrs Tony does a fabulous job keeping the place spotless and making the guests comfortable. The helps are amazing too.\nThanks to all at the hotel who work hard to keep it in good condition.",positive
I like the quietness and it’s close to airport,positive
"excellent location, clean and modern.",positive
"Liked the happy and smiling welcome that greets you once you arrive at the property. Unfortunately, I didn't have time to try their breakfasts as I had an early flight but they looked amazing. I will definitely return and I can thoroughly recommend this property. Thank you very much!",positive
Nice and clean. Perfect for an overnight stay. Owners very nice and friendly.,positive
Very friendly atmosphere. A family business where you feel like at home. Huge and delicious breakfast. The hotel is very comfortable. We definitely will come again.,positive
Friendly staff and service.  Very nice rooms. Clean.,positive
The hotel is located close to the airport (there is a bus with good frequency from the street next to the airport) and close to the city center. The hotel is located in a dead-end and quiet street - we had plenty of parking. The rooms were very clean. The staff at the hotel (Tony) was nice and gave a pleasant feeling - immediately after the booking we received a WhatsApp from him to confirm the time of arrival and to inform that they were waiting for us.,positive
"The kindness of the staff, the location, the cleanliness of the room.",positive
"Friendly, clean hotel, functionally furnished. Balcony with courtyard or street view. Good breakfast directly in the hotel, to be paid separately (various options up to 10 EUR). Very friendly host. Proximity to the airport (3km) and the beach including numerous restaurants (500m).",positive
The cleanest place I stayed in Cyprus!\nThe staff is kind and welcoming.,positive
"pleasant accommodation, helpful reception, cleanliness",positive
"The staff are extremely friendly and always happy to help when needed. They were always ready to answer any of our questions. In a very good location, close to the airport, especially if you have an early or late flight, and also close to the beach.",positive
"Nice room, very clean.\nConvenient because close to the airport.\nVery kind and helpful staff.\nWe had dinner in the evening, it was very good.",positive
"Very kind staff. Delicious food, impeccable cleanliness.\nThank you!",positive
Everything was great!,positive
"nice and comfortable small room. Early November: good availability of free parking spaces at the bottom of the hotel. The beach is 10 minutes walk, the airport 10 minutes by bus. Friendly staff and very good advice",positive
Proximity to the airport and excellent cuisine,positive
"Very good accommodation in a perfect location, 7 minutes from the airport!",positive
"Great location. 10 minutes by bus from and to the airport. 10 minutes walk to the beach and cafes by the beach. It takes 40 minutes to walk along the promenade to the city, but it's nice. The hotel is good, the staff is friendly.",positive
"Great location close to the airport, friendly service and delicious breakfasts.",positive
"we only stayed at the LaVeranda Hotel for one night as the end of our Cyprus trip to be as close to the airport as possible for the last night! It was perfect for that. The room was very nicely furnished and, above all, super clean. The bus connection to the city center was just around the corner and we were able to get back to the hotel later in the evening without any problems using public transport. The location was also perfect for the trip to the airport the next morning (7:00 am). Mackenzie Beach is super close and so are lots of cool bars and restaurants.",positive
"Great welcome, very pleasant contact, very helpful",positive
everything is very good,positive
"nice, clean and neat. super sweet hosts",positive
"Close to the field, the staff is nice, the room is restful and pleasant, clean and renovated\nThe bed is comfortable and so is the shower",positive
Everything nice,positive
"Excellent welcome, clean, quiet.\nHotel very well located for the airport.",positive
Excellent location on the way to/from Larnaca airport.\nWarm and cordial hospitality,positive
The place is close to the airport and easy to get to.\nWe arrived late and the directions were clear and easy.\nThe place is clean and everything was exactly as expected\nA short distance from the promenade where you can find nice restaurants on the beach,positive
Very clean hotel\nVery kind staff\nVery close to the airport,positive
"Very well-kept small hotel, with extraordinarily courteous hosts!\nWe'd love to come back!!",positive
"The manager very friendly, the hotel of very good quality",positive
Excellent welcome by the owner who speaks fluent French. Quiet hotel and extremely well located for the airport and Larnaca salt lake. Unbeatable value for money I think. Perfect and good dinner and lovely waiter. For a night of transit before our return to France it was perfect. Didn't have breakfast as we were leaving at 4am,positive
"Very clean, well organized, nothing missing, pleasant balcony, nice hosts, comfortable mattress.",positive
"Perfect hotel.welcoming and helpful staff.the room was spacious.and clean.the restaurant is very varied.as well as the location close to the airport and the beach as well as many restaurants and snacks.I will resell with pleasure.I recommend the hotel 100%. and I thank Tony for his welcome and his smile, it's so rare.",positive
"Small beautiful clean room. They accommodated us with an earlier check-in and earlier check-out. There is no problem with a later check-in either. We had a small lunch here and it was delicious. Staff very nice. A short distance from the beach, we also found starfish. The hotel arranged a transfer to the airport for us.",positive
It's a clean and good hotel and the service is also great,positive
It is a great accommodation with excellent value for money. In addition to being very well located near Larnaca airport and mckenzie beach. I fully recommend it. The staff extremely friendly.,positive
"Friendly staff, cleanliness, nice rooms",positive
"Modern furnished and very clean room, friendly staff. Nice restaurant in the house, great coffee!\nClose to the city center, the airport and the sea. Price/performance is totally right.",positive
"Location close to the airport and the promenade by the sea. Clean, tidy, comfortable and beautiful room. Courteous and welcoming service. We will return to him again.. Highly recommend.",positive
"We stayed literally for a few hours, the welcome was pleasant and they helped us order a taxi to the airport!",positive
"We did not have breakfast because we were leaving very early, however the restaurant in the evening was perfect. The cook particularly affable fast and delicious irreproachable service. A real Lebanese tabbouleh all hearty I recommend the restaurant as much as the hotel",positive
"Nice facility, very nice and helpful staff.",positive
great stay. very clean. the staff is available and always helps\nTHANKS!,positive
"We had an early departing flight so there was no breakfast, but we had dinner in the restaurant and it was very good.",positive
recently refurbished rooms.,positive
We had dinner and it was perfect,positive
I really liked the location. Close to the lake and the beach. Very nice staff. Thank you very much for being able to move in earlier. Very clean new hotel,positive
"Amazing team, thinks of all the details and happy to help. Our flight was delayed and they took care of us both for late check-in and for an electrical adapter",positive
The rooms are big and very clean! There is also a balcony. Tony the hotel owner is a great man! Helped us with everything we needed,positive
"A very welcoming staff, smiling and always available to satisfy you. At the reception as in the restaurant there is always someone to take care of you in one of the four languages ​​(Greek, English, French or Arabic). The proximity to the famous Mackenzie Beach is an asset for this charming hotel. The beach is around 5 minutes walk...",positive
"We arrived at the hotel for one night in order to be close to Larnaca airport for an early morning flight. The rooms are pleasant, clean, the beds are comfortable, everything is new and clean!! We had a really nice time at this hotel",positive
very kind and welcoming structure ok for the sea,positive
"We were received with a beautiful and kind hospitality by the hotel staff. Clean room, pleasant and comfortable bedding. There is a kettle and a fridge in the room. Close to Larnaca airport. Less than 10 minutes",positive
"Lovely and clean room, enough for a family with 3 children. Two rooms. The children's third bed was a bit problematic and not very stable. The location near the airport is convenient for those who need to fly early in the morning. There is also a shuttle to the field. There is a lovely promenade on the sea (McKenzie Beach) with worthwhile restaurants - very worth going in the evening. The staff is charming and kind, answers with a smile and agrees to every request. The restaurant in the hotel is also great.",positive
"We were just passing through before taking the plane but the hotel is located 500 meters from the beach and an area with restaurants, bars... the town center is a little further 30' on foot. 5' from the airport. Very nice hosts, very clean establishment.",positive
"Very good breakfast, great location near MacKenzie beach. Staff very polite and helpful almost family atmosphere.",positive
"We liked everything, excellent service, they helped us with everything we needed.",positive
a comfortable place. Quiet friendly staff. Quiet and spacious.,positive
"Friendly people both at the reception and in the restaurant, willing to serve",positive
"the calm and comfort of the bedding, the balcony, the spacious room",positive
"Amazing team!!!\nHelps with any question and problem... smiling and patient.\nChanged us to a family room that we requested..\nThey gave us great recommendations for places in the city. Order taxis for us...help with car rental.\nThey even celebrated our daughter's birthday with a surprise..\nIn short, an experience",positive
"Everything was excellent, personal attention",positive
"The restaurant service is very good, varied and with good prices, the workers are very pleasant and attentive.",positive
Great place good staff worth the price,positive
The reception and availability of staff.\nThe comfort of the room and its layout.,positive
Very accommodating and nice staff. Helpful. Top,positive
the employees are nice - clean - close to the airport and the beach,positive
"New hotel, everything is clean and fresh. We were interested in a hotel near the airport, it met our expectations!)",positive
"The dishes cooked to order are delicious, I recommend eating at Jasmine Garden.",positive
"Liked the hotel. Newly refurbished, clean and tidy. Nice welcoming staff. Kindly settled early. We had a delicious dinner at the hotel restaurant. There is a cozy courtyard. Parking.",positive
"Pleasant staff, clean and tidy. Good food.",positive
"Great transit hotel near the airport. The room is small but everything is new and very clean. Comfortable double bed and crisp white linen. Delicious breakfast in cafe, friendly staff. Side sea view. Parking.",positive
Very nice and clean hotel. In an easy and quiet place. Not far from the beach. The staff was very nice and polite,positive
"The proximity to the airport, free parking, large rooms! very clean",positive
Very clean accommodation. Friendly staff. Very pleasant terrace in the evening.,positive
Very friendly reception. Nice quiet room.,positive
"Clean, friendly staff, very close to the beach and the airport, lots of restaurants nearby, relatively quiet location.",positive
Close to Larnaca airport and 5min walk to the beach. Very quiet hotel with a restaurant in the enclosure which is very good. The breakfast on the terrace is very nice too!,positive
"The kindness and availability of the staff, the restaurant offering a good quality of dishes.\nThe comfortable and very clean room. The calm\nProximity to the city center and the beach.\nVery good value for money",positive
"the establishment is really close to the airport, i.e. 6 minutes by car.\nthe managers of the hotel are extraordinarily kind and caring\nthey speak French and helped us find a rental car at a good price, they accompanied and advised us during our stay.\nthe room is nice and well furnished\nI highly recommend this hotel",positive
Very good breakfast! Comfortable bed. Purely. Friendly staff.,positive
"Very nice staff, restaurant and hotel very good. We stayed here for one night when we arrived before leaving to visit the island. We recommend without any problem, very quiet and clean.",positive
Good central location. Very nice staff. Neat small hotel.,positive
"The owner of the place is an amazing guy, nice and answers everything! There are breakfasts, not a big variety but tasty",positive
"super friendly staff and a clean, modern room",positive
Good location near the airport and the beach.,positive
Nice modern room.\nBoss and family take care of that\nWell-being of your guests!,positive
Very good homemade breakfast.,positive
"I loved the staff, they always greeted us with a smile, they were really nice, they always responded to the help we needed, they called us a taxi, they didn't charge me again because I lost my room ticket, a stunning hotel, an aesthetic and clean place with innovative and interesting service that you can really request at the push of a button that you won't be able to hear the bell, I have never come across this in my life amazing thank you so much to this hotel.",positive
"Small, modern hotel with very friendly and helpful hosts.\n30 minute walk from Larnaca center and 10 minute walk from beautiful Mackenzie Beach!\nI'd love to come back!",positive
Very friendly and helpful\nStaff.,positive
"Delicious homemade breakfast, they speak French. Are very caring and welcome you 24 hours a day and very close to the airport!",positive
Everything was wonderful! ☆☆☆☆☆,positive
"An intimate hotel with service at the highest level.\nThe cuisine is simple but tasty.\nLocation on +., close to the beach, gastronomy and the airport",positive
"A renovated, brilliant family hotel with a very friendly staff. Suited us for a one night stay before a flight. We had dinner at the hotel restaurant and it was excellent! The chef gave a personal touch to understand exactly what we want. recommended.",positive
Perfect location to the airport. Very friendly reception. Very clean.,positive
"Great hotel, lovely staff, ready to help at any hour",positive
"Very friendly staff, very clean everywhere. Nice room with a nice balcony. Quiet and peaceful area. Definitely a hotel worth visiting again.",positive
"Welcoming environment, courtesy, cleanliness, modern room.",positive
"Very clean, comfortable bed, perfect location (near the airport), very friendly welcome, very comfortable bed, tea and coffee in the room.",positive
The staff is very friendly,positive
"The hotel is clean, comfortable and a good location. Very close to Salt Lake and Mackenzie Beach. Very close to bus stop. Very close to the airport, the bus only costs 1.5 euros to and from the airport. From the hotel you can just walk along the entire promenade of Larnaca, you won’t miss anything. A calm step along the sea to the Church of St. Lazarus 30-40 minutes. The room was wonderful. White bed. Breakfast can be bought directly at the hotel for only 8 euros. I rented a car, there is a place to park. The shower is wonderful, the air conditioner works, we were in January, it was very warm and sunny. Everything is great. The owner of the hotel was very friendly, allowed to leave things, even after we checked out, I highly recommend,",positive
"Cleanliness 10/10!\neverything is white, bright, cozy!\nWe spent one night before the plane, were very satisfied.\nthe accommodation is perfect - close to the airport.",positive
"Very nice staff, comfortable beds, great shower. We stayed for one night before flying out of Cyprus, the option is excellent, close to the airport, near the lake with flamingos (in winter)",positive
"Very warm and caring welcome. The room was very well equipped, clean, comfortable... I was very happy.",positive
Super nice staff. Great location and pet friendly! We were able to bring our small dog and the hotel was still very clean!!,positive
"It was the cleanest room I've ever been, cleanliness is top notch, cleaned every day, down to the taps, towels and white bedding, any problems are solved instantly. The staff is excellent, everyone is definitely polite and smiling",positive
"clean rooms, very nice staff, comfortable bed",positive
"Proximity to the airport, small but modern rooms, good bed, very good bathroom.",positive
"Nice accommodation, parking in the hotel area, a beautiful beach within walking distance, very helpful staff, due to the delay of the plane they waited for us until 2 in the morning.",positive
"Even though we arrived at 3 a.m., they waited for us. Very friendly, very clean! close to the airport!",positive
very clean Plenty of parking. Nice and kind staff.,positive
"Very nice room. There was a kettle and a microwave, a spacious bath, a view of the beautiful houses. We were seated in the middle of the night. Delicious breakfast for a fee. On request, there is a transfer from the airport and to the airport",positive
"New hotel, with super clean rooms and comfortable beds. Family business and the owners are very friendly!",positive
"Nice homely atmosphere, delicious food, the owner takes care of the guests to make them feel at home. The place is RECOMMENDED.",positive
Good hotel next to Mackenzie beach and especially the airport. It is 5 minutes by car,positive
"Superb room, bathroom and balcony, very comfortable, the staff was top notch!",positive
Stayed for one night due to an early flight. The airport is 6 minutes by car. Liked the food at the cafe in the lobby. Near a good beach.,positive
"Very cozy and stylish hotel, good staff, excellent location, bus stops nearby, salt lake, 5 minutes walk to the sea.",positive
Clean and modern hotel with very friendly staff.,positive
"The terrace, the sympathy of the restaurant manager",positive
"The situation, extremely close to the airport for a very early departure or a late arrival, and extremely close to the beach and its entertainment (restaurants, bars...). Very quiet though. Very clean, very comfortable, brand new! Very friendly and pleasant welcome.",positive
"Was in the middle of September. I really liked the hotel. Reminds me of a family hostel. Excellent service staff. The owner and staff are always ready to help. Helped immediately with adapters. From the hotel to the beach is relatively close. 5-7 minutes at a calm pace. There is a bus stop nearby, which is also very important. Of the shortcomings, I would note the monotonous breakfast. Every day is the same.",positive
"Very nice owner, great hotel, close to the beach!!",positive
"The room was spotless and the sheets were musky! While we had booked a double room, they gave us a 4-bed room with two rooms, which made us very happy. While we arrived after midnight there was a person at the reception to check in. The staff is very kind and helpful! We would definitely go again!!",positive
Very convenient location. Not far from the airport and from the sea.,positive
"Location near the airport, near Mackenzie beach - super convenient. Delicious breakfasts, attentive staff, five minutes to the beach. Homer comfortable, clean, cleaned every day. The owners of the hotel helped with all questions. If you stop here",positive
The hotel is 10 minutes from the airport which is very convenient for not missing your flight.\nThe welcome was very warm and efficient.\nI unfortunately did not try the breakfast or other meal but the hotel is well located for the restaurants in the area.,positive
"Clean comfortable hotel, delicious breakfast. To the beach on foot 5 minutes. Only pleasant impressions remain",positive
"The most important thing about the hotel is the incredible staff. Very soulful atmosphere.\nDefinitely recommend trying the food in the restaurant. We took pasta, pizza, salads and burgers and everything was piping hot and very tasty and homemade.\nThe general manager, he is behind the counter in the restaurant, made our holiday)\nThe rooms are clean, air-conditioned, balcony, mini-bar.\nDefinitely recommend",positive
"In general, we were satisfied, corresponds to the price, a small but clean cozy modern hotel with a small number of people",positive
"Delicious breakfast, clean room, excellent renovation with taste, stylish and beautiful!",positive
"Great staff ... great willingness! The hotel itself was tidy and modern,",positive
Very pleasant welcome,positive
Very pleasant staff. New and clean rooms.,positive
The hotel staff was fantastic.,positive
"Great place, very nice staff. Close to Mackenzie beach and salt lake. 10 minutes to the airport by bus or taxi.",positive
"Very friendly and helpful staff, walking distance to the beach with several restaurants.",positive
"Clean, nice atmosphere, helpful people",positive
It was simple and beautiful.,positive
Very friendly and courteous staff. Clean and chic furnishings.,positive
Everything. The best that can be. Best place ever!,positive
This hotel is very very clean very well equipped excellent breakfast. The managers are extremely nice and helpful. I highly recommend this hotel to anyone who wants to have a pleasant stay.,positive
Everything was great!,positive
"Very welcoming and friendly staff. Everything is clean, white, freshly renovated. Near Mackenzie beach, airport, salt lake.",positive
"Great hotel, everything is new and clean. Friendly and welcoming staff. The hotel is close to the airport, convenient for a short stay. Near the sea, promenade and several excellent restaurants. Highly recommend!",positive
"Mackenzie Beach is super easy to reach, but not too close to be disturbed by the parties there at night.\nVery friendly and helpful hotel staff.",positive
"Due to the pandemic, my flight was canceled until the next day and I had to spend the night in this hotel, I can honestly say that I was satisfied, all the furniture in the hotel is new, the owners are very good people, the bed is comfortable and the breakfast is excellent.",positive
The room was satisfactory...the lady at the reception who spoke Cypriot was kind and willing for any help.,positive
Very nice staff,positive
Very good location,positive
"The warm welcome in French, the comfort of the beds, the cleanliness.",positive
#NAME?,positive
"Clean, daily change of towels, pleasant and helpful staff, value for money",positive
"comfortable and clean room, good location and kind staff",positive
perfect welcome even arriving at 4am what we expect for this perfect price!,positive
Very friendly and warm service. very clean and new rooms. Proximity to the beach and airport.,positive
"Wonderful hotel with a cozy homely atmosphere. Responsive staff. Always with a smile. Delicious inexpensive breakfast options. A couple of days after arrival, we changed the room from a one-room to a two-room with a balcony.",positive
"Cozy hotel, nice room, large room size, location near mackenzie beach.",positive
"A friendly, nice and sympathetic man serving breakfast.",positive
"Lovely, quiet and cozy hotel 5 minutes from the beach and the airport.\nCrisp white linens, small but cozy and very clean room. For a reasonable price, we extended our stay in the room for half a day due to the constantly shifting departure of the plane.\nVery pleasant and helpful staff!\nThank you!",positive
The stay is worth it only for sleeping before departure. Very kind and helpful staff.,positive
-,positive
All good,positive
clean,positive
"There is a bit of plane noise in the afternoon and evening because it is right near the takeoff end of the runway, but next to no departures in the morning, so not a problem",positive
"given that a lot of guests book here for its prime location near the airport, it would’ve been great if breakfast started at 7 rather than 8. but that’s just a suggestion, everything was perfect\nfor one nights stay.",positive
N/a,positive
no issues for overnight stay,positive
n/A,positive
-,positive
All good,positive
N/a,positive
...,positive
The room was small but adequate,positive
It was a bit loud outside but that was just normal for summertime I guess.,positive
noting,positive
All was perfect .,positive
Everything,positive
TV very light on choice only news channel in English.,positive
"hospitality, location, quiet",positive
All good,positive
All good,positive
More restaurants.,positive
location - if you want to be in the center of everything (I didn't),positive
Nothing. It was perfect,positive
All spot on,positive
"The wifi in the room wasn't great. We had to work that day so we needed a strong wifi, but there is a Cafe Nero 10 minutes away which was perfect.",positive
Notting,positive
N/a,positive
WiFi,positive
More options for breakfast.,positive
Didn’t find anything negative,positive
"It would be great to have a clothes dryer at the balcony or in the bathroom, because after the swimming nowhere to dry the wet clothes and towels. \n After the room cleaning, most hotels provide a bottle of water. It is not expensive for the hotel, but it is demonstrating the care about the clients. We had one bottle only after check in and none for the rest 5 nights.",positive
There was nothing close by for a mini Mart. The restaurant was decent.,positive
Street parking.,positive
"Surely it's not a problem with the accommodation, but the guests in the upper apartment didn't stop making noise at 3am and on the other hand, if you go by car, even though there is an open-air car park very close, it's a real odyssey to be able to park. We had to leave the car far away.",positive
We spent little time at the hotel to assess what could be improved. But we have a positive experience and will use it again next time.,positive
The room for 5 was very tight. Suitable for one night no more,positive
-,positive
"Rooms may be a bit small for a longer stay, but since we only stayed one night it wasn't a problem.",positive
everything will be alright,positive
The hotel seems to have been freshened up recently. So everything seemed flawless to us.,positive
There was a lack of a pool especially when from the window you can see the pool of the nearby hotel... but overall a good value for the price we paid.,positive
.,positive
Slightly small bathroom but still ok,positive
"It's a detail, but we would have appreciated having 2 small bottles of water in the room when we arrived",positive
we didn't have a balcony. It wasn't bad though as we were only there for one night.,positive
Anything,positive
All was well,positive
"The room was small, could have been a bit more spacious. Other than that everything was fine and met our expectations.",positive
They are drawing a number :),positive
-,positive
Everything OK,positive
All right,positive
-,positive
No trash can in the room),positive
The street on which the hotel is located.,positive
Nice staff,positive
To restaurants and the beach go through an intensive road.,positive
Everything is fine,positive
"You can see that the hotel is young. Not everything is perfect yet, but the staff does everything possible to compensate for all inconveniences.",positive
breakfast time,positive
Sound-proofing,positive
-,positive
We only stayed over night before heading to the airport. The room was exceptionally clean with a really comfortable bed,positive
couldn't eat breakfast due to dietary restrictions-but very helpful host showed us how nearby bus takes to town-cntre (and airport by the way so no need for 21 euro taxi),positive
Great modern room comfortable bed and quiet location.,positive
We wanted a hotel for a night that is close to the airport and this hotel did that purpose more than fair. There are some restaurants and bars next to the beach just 10min of walking distance from the hotel.,positive
"Second visit - Chose really because it was reasonably close to the Airport for an early morning flight, yet could have a stroll along the nearby beach.\nThe staff make it - particularly reception and the dining room.",positive
Close to airport,positive
"location, clean, friendly stuff",positive
"Room was perfect, looked new, clean shiny tiled floors and bathroom tiles, just every inch perfect and clean. Bed was really comfortable, lots of room for me to put my things... although might have needed another set of drawers if there were two of us.",positive
Clean and quiet,positive
Staff is very polite and caring. Thank you,positive
The bed was great. Rooms clean. Staff were so kind.,positive
"Very helpful staff, super clean room with modern furniture all together make your stay max comfortable. Sure worth it to come back again.\nOption to have a good breakfast within the hotel save your time.\nHighly recommend these apartments.",positive
hospitality,positive
clean spacious practical,positive
Great value for money,positive
very helpful staff who organised a taxi to collect us in the morning. Good value for money.,positive
Good for airport transfers,positive
Close to airport so very convenient for overnight stay. Also very easy to check-in if you arrive late at night,positive
It’s been renovated to a exceptionally high standard and it really is well up to 4* standard. Exceptional value .,positive
"We were looking for the hotel close to the airport, and it was a perfect match. The hotel is located in a close proximity to the airport (5 min by car or 10 min by bus). We arrived late and were super hungry, so we decided to eat in the place at the ground floor. Even though the kitchen was closing, they made us a pizza which was really nice. The room was new and clean, the staff reached out in advance and provided us with the detailed instructions of how to get to the room when reception closes.",positive
"The property was clean, bed was comfortable and the food and staff were really good. Location was great and easy to get to and from.",positive
friendly staff,positive
"Friendly, good value, clean",positive
Peaceful and clean friendly helpful staff,positive
"We arrived after midnight. Got very clear instructions how to get access to our room. The staff of the hotel is extremely friendly and nice.\nThe bus stop with direct access to the airport is a few steps from the accommodation. the airport can be reached in a few minutes. at the same time, Mackenzie beach is also easily accessible on foot.",positive
I arrived late. I received very clear instructions how to enter the hotel and access my room.,positive
Feels new and clean with perfect location nearby the beach 🏖,positive
New clean setup with friendly helpful staff,positive
Stuff was very nice and friendly. Room was clean and comfortable.,positive
"The breakfast was very good plenty of selection and very good staff serving you as a values customer and so very polite and caring at all times. Could not seem to do enough for their guests, Every thing was spotless clean in the breakfast room",positive
"position,staff and very clean",positive
"we did late night check in, that was super easy and comfortable",positive
"really clean, exceptional staff, incredibly polite, highly recommend",positive
"Quiet place, good rooms",positive
We used the accommodation for one night before departure. The advantage is the proximity to the airport—very comfortable beds.,positive
Rooms large and newly redecorated in a contemporary style. Bed very comfortable. Very convenient for the airport. Breakfast was excellent.,positive
everything,positive
"Clean hotel, lovely rooms with comfortable beds. Great location for overnight stay for late flights. Very helpful staff",positive
spotlessly clean. Excellent for airport and Mackenzie beach,positive
recently refurbished,positive
"clean, air conditioned, close to the airport",positive
"The location next to the airport is great for flights very early in the morning, because it only takes you 5 minutes to get to the airport. \nThe beach is a 10 minutes walk away",positive
Helpful staff and close to airport,positive
Very clean and super friendly staff. Would recommend,positive
very clean and modern,positive
The room was very clean. Using the air conditioner was great after a hot day outside. \nThe staff was very nice.,positive
"Very clean, comfy bed, close to the airport, easy self check-in, great breakfast.",positive
perfect overnight stay close to the airport,positive
nice and clean,positive
Very close of the airport. Very comfortable bed.,positive
"Everything was new, beautiful and clean.",positive
"Close to the bars near the sea, close to the airport, clean rooms.",positive
"7 minutes walking to the beach, modern new rooms, very clean.",positive
"the staff, the cleanness, the price, check out time",positive
Easy late night check in,positive
"Clean, modern, friendly staff",positive
Location,positive
The room was spacious enough for two people and it was very clean.,positive
It’s close to the beach and the airport. The staff was nice and helpful. Extremely agile to respond.,positive
Relaxing and comfortable.,positive
Close to local restaurants and beach.\nQuiet.\nVery clean.,positive
Conveniently located. A very modern and contemporary hotel. Excellent breakfast. We had a very late (1am) self check-in which worked very well.,positive
Very clean and beside the airport,positive
Room clean and spacious. Staff very helpful. Excellent location for beach and airport transfer.,positive
"Clean, spacious, friendly, new and modern",positive
Perfect if you want to stay close to the airport.\nMackenzy beach with restaurants is not that far away.,positive
flexibility,positive
Perfect for a great night of sleep before a flight.,positive
"Clean, comfortable, friendly, fine location",positive
I arrived late at night. The hotell organised a taxi for me and made sure I could check in.,positive
clean and simple,positive
"Nice clean room, comfortable bed and good location.",positive
"Excellent communication on late check in process, airy and comfortable room, super fast wifi, and a tip. This hotel is only 4km from the airport. If travelling light you can walk it in 40 minutes, saving a rip off cab fare. Just off the b4 highway.",positive
The indications at the desk were very helpful,positive
Everything,positive
Very clean and fresh. Perfect room for family. Close to airport. Very kind hosts made late check in simple.,positive
Exceptionally friendly service of hotel and restarant in same building. Attention and service superb.,positive
"location, clean and very good value",positive
"Modern hotel with good facilities. Although small, the room was comfortable. However, the bathroom was a good size and well appointed. Breakfast as an extra was good.\nThe hotel is about 100m from the 425 bus route which runs to the airport, about 10 minutes away. A ticket costs 2 Euros, a far better option than paying 15 Euros for a taxi.",positive
clean and comfortable,positive
close to the airport,positive
Light and airy and clean room. Not far from the sea.,positive
Very modern clean beautifully kept hotel near beaches and restaurants,positive
cleanliness,positive
All,positive
friendly staff,positive
Exceptionally clean and brand new. Breakfast was freshly made and delicious. Everyone very friendly,positive
cleanliness and quietness,positive
clean and modern,positive
Helpful staff arranged a taxi for us from the airport to the hotel. The hotel was basic but clean and comfortable.,positive
"La Veranda has been recently refurbished and the rooms and bathroom, were both modern and comfortable, balcony with sea view. Easy walk to Mackenzie Beach and short journey from airport. Good breakfast available if required, staff extremely helpful and friendly. Nothing to much trouble.",positive
"clean, super friendly, convenient",positive
Location very convenient. Near the beach and the Restaurants. Public Bus station at 30 meters from the hotel. Also very close to the airport.,positive
"friendly staff who allow you to check in the early hours of morning , 45 min walk to airport",positive
"Everything was very clean and modern and staff was very friendly. I arrived late at night and it was not a problem, They also were very responsive to any pre-arrival questions",positive
Clean and nice place,positive
"Very clean, nice bed and linen.\nGood value.\nAllowed to take dog was the reason for booking.",positive
clean basic,positive
It was very clean.,positive
"fresh just renovated, with good wifi, in 5 minutes from airport, super fast checkin/checkout",positive
"I stayed for one night as I arrived late at night at Larnaca Airport and was going to another city (Limassol) the next day. The receptionist was waiting for me to arrive, even though it was after the usual open hours. The room was very clean, a bit small though, but the bathroom was spacious and the bed was comfortable.",positive
"location, room",positive
Well organised and clean,positive
"Room was excellent, very clean and everything seems fairly new. Staff was very helpful. Location is also very good if you have a morning flight, airport is a 7 min drive away.",positive
Clean and freshly renovated room,positive
"Everything was very clean, the bed was comfortable, spacious bathroom. The beach is very close and the bus to the airport is only 50 meters away.",positive
The staff was exceptional. They were really customer-centric and kind. The breakfast was really delicious too 😊,positive
Breakfast was exceptional,positive
"A modern, clean, friendly and all you need for a great Holiday.",positive
Exceptionally friendly and helpful. Tastefully decorated room and super comfy bed.\nDinner and breakfast were freshly made and very tasty.,positive
"Excellent hotel, clean and with excellent owners",positive
"The family running this hotel are very friendly and welcoming! They gave us a free room upgrade. The building and the hotel are brand new. Spotlessly clean. Walking distance to the beach, restaurants and shops. It is away from traffic. Fully stocked minibar with coffee and tea-making facilities. Value for money. We will stay again!\nTip: If you like sleeping in the dark, bring a sleeping mask and/or some blu tack to secure the curtains in place.",positive
Very modern and clean,positive
Clean and good communication.,positive
Very friendly and helpful staff. Clean rooms. Comfortable bed. Close to bus stop.,positive
"Clean, modern room, with comfy bed and great air conditioning. Fab location Close to Mackenzie beach and bars.",positive
"Super clean, good beds.",positive
"Very nice staff, very clean and a home-experience. Definitely recommend",positive
"Staff is friendly, hotel is comfortable and clean",positive
Location close to airport,positive
Staff excellent and accommodating. Very nice clean rooms,positive
Clean and perfect location.,positive
"Extremely clean, newly renovated, efficiently run, good location from the airport and sea.",positive
People working here are the best ever,positive
"Location is great. Rooms were a great size, very clean, modern and comfy.",positive
The room was clean. The hotel facilitated shuttle service from the airport for an additional cost based on my request. The hotel also very kindly received a package on my behalf prior to my arrival. Maha was responsive and reachable via whatsap and was able to accommodate the needs for my stay. The hotel is good for a layover in Larnaca as it is close to the airport and also allows you access to the beach at 7min walking distance.,positive
Excellent service.,positive
"The owners, Tony and Joanna were very friendly, welcoming and accommodating as was Richard at the bar/restaurant. Coming off of a US based cruise ship, we had forgotten converters to charge our phones but Tony had multiple for us to borrow. He even had a luggage scale for us as we prepared our suitcases for our departure back home.\nThe rooms were completely renovated and stunning with brand new air conditioning systems that chilled the rooms within minutes (we rented a 2 bedroom suite). \nFinally, the place was spotlessly clean!",positive
The rooms and and the staff,positive
Very friendly and effective employees and owners.\nBrand new fittings and furniture.\nExcellent location near the airport and the beach.\nVery clean and quite.\nI recommend it without any reservation.,positive
"Check in was quick and easy by polite, friendly hotel managers. Great service by Richard (bar manager). Rooms very clean, good quality bed linen and towels, A/C, flat screen tv.\nLocated 7 minutes walk from beach, restaurants and supermarket. Airport 10 mins by taxi. Larnaca centre 10 mins by bus or about 30 mins walking.\nHighly recommend",positive
The room was fresh and clean. Friendly staff. Highly recommended.,positive
"New hotel  - so everything is modern and clean (and good bed linen, furniture)\n5 minutes walk to Makkenzy beach (with planes landing just above you)\nStaff is very polite and friendly\n30 minutes walk to city center (10 minutes bus drive)",positive
perfect,positive
"Superbly refurbished, with high-tech displays “clean/DnD” outside.",positive
"The bed, the customer service",positive
"Close to airport - just 7-10 min by taxi (15€). Clean, fresh rooms with all you need for overnight stay. Very friendly staff.",positive
Family room that fits a family of five. Fantastic breakfast. Close to jogging trails along the lake and close to the airport. Plus a super friendly staff.,positive
spotlessly clean and the staff were so helpful.,positive
very clean,positive
The room was large and had a nice balcony. The bus stop into town was around the corner.,positive
Clean and comfortable. Cute balconies. Short walk to Mckenzie beach.,positive
Near to the airport,positive
close to the airports,positive
"Maria and Richard are really great hosts! Very kind and hospitable. Maria has offered an adapter immediately.\nThe room was perfectly clean.\nThis is a good transitioning for one night, like I had. Or just to sleep over.\nCentral location.",positive
"It was clean, the beds were comfortable.",positive
Usefully located hotel in between city centre and airport. Restaurant stayed open reasonably late so I could eat after an evening arrival in Cyprus.,positive
"Break fast was PERFECT, the room was PERFECT. Some issues with internet and location, bit far from the center, but very quite Area around.",positive
"clean room, friendly staff",positive
nice and very clean.,positive
Nice clean little hotel next to the airport,positive
Close to the airport,positive
Friendly and Helpful Staff.\n Room Cleanliness,positive
Property is perfectly located close from the airport and close to the famous Makenzie Beach. Neat and modern hotel facility.,positive
"Chose this hotel because of it’s proximity to airport. One nights stay straight from the flight before travelling onwards next morning to other areas. Easy to find (car hire) using Google maps. Friendly welcoming staff, easy check-in. The hotel itself is spotlessly clean, COVID prevention measures taken. Never ate there, cold beers available (& needed) from bar downstairs or mini-bar in room. Very quiet neighbourhood - not sure what’s nearby etc as up & away early next morning. Would certainly recommend for this type of trip & will probably use again next time.",positive
close to mackenzie beach,positive
"It’s clean, you can easily pass here one night before flying back",positive
"Very comfortable bed, room very new and comfortable.",positive
Location was excellent and staff was very polite. Room was very clean upon arrival,positive
The people working there were kind and responsive.,positive
cleanliness,positive
"The room was nice and clean, the two beds were set up as we requested",positive
"Room fresh, clean and modern. Same as shown in photos.\nCalm area, close to the beach, many restaurants and coffee shops there. \nBus station very close.\nBreakfast above expectations.",positive
"Hotel is very close to the airport, nice place to stay if you arrive late at night.",positive
"Nice staff, room very nice and clean.",positive
Very helpful and knowledgeable staff. Rooms are updated and clean.,positive
"Very clean, modern rooms, comfortable bed and good shower. Very helpful staff. Exceptional value for money and very close to beach.",positive
"Clean, smart devices.",positive
Nice,positive
"The kindness of the staff, the size of the room, location.",positive
French speaking and competent staff.,positive
The room was very clean and very spacious.\nThe mattresses and pillows were excellent.,positive
Pleasant staff,positive
"Practical rooms, balconies in each room. good location for the airport. Listening staff.",positive
"Hotel near the airport, ideal for a late arrival or a very early departure",positive
"The hotel is very clean and close to the airport. Simple and comfortable rooms, you can see that there is care in the place.",positive
Everything is a perfect boutique hotel,positive
Breakfast was good,positive
"cleanliness, location, simple and modern furnishings but new like the whole structure",positive
"The hotel is very modernly furnished, the room is spacious enough with an above-standard large bathroom. We did not use the breakfast because of the early departure. The staff at the reception willingly arranged a ride to the airport for us.",positive
"Proximity to the airport, clean and cheap",positive
new clean reception,positive
clean close to the beach close to the field Intimate and quiet,positive
"The hotel is located close to Larnaca airport.\nVery helpful staff, the room had everything you need, and also the bathroom.\nClean and cozy.",positive
"Very friendly staff, good walking distance to Mackenzie Beach. We can highly recommend the breakfast offered.\nFree parking in front of the hotel along the street.",positive
Very competent staff,positive
Terrace was very cozy,positive
"We arrived in the middle of the night and were able to get into the room via self-check-in without any problems.\nGood location close to the airport - easily accessible by taxi, there is also a bus route nearby.",positive
The cleaning,positive
"Location is very close to the beach, very kind staff on the last day kept our suitcases in custody for the whole day. Very close to the airport, like 8 minutes by car. Really soft bed and pillows",positive
"Strategic location: the property is close to both the airport and Mackenzie Beach. In fifteen minutes of walking along the sea you can also reach Finikoudes. Courteous and helpful staff, maximum cleanliness, excellent upholstery and modern furnishings.",positive
All. The sense of hospitality of the owner.,positive
Arabic food,positive
Comfortable room,positive
"Cleanliness first, but also the kindness of the staff.",positive
"explanation for arrival, cleanliness",positive
everything,positive
Excellent location near the airport. Good for an overnight stay after a late or early morning flight.,positive
"cleanliness, kindness of the staff",positive
"The room is really clean, close to Larnaca airport and it was really convenient to stop there because our flight landed in the middle of the night",positive
Location close to the airport\nKindness of staff\nStaff speaks French,positive
"Excellent location, 7 minutes walk from the boardwalk and the airport\nThe hotel staff is simply charming and kind!\nThe hotel was recently renovated, rooms are in new and clean condition\nIn addition, there is smart technology, there are electronic buttons to request cleaning for the room, a bell and remote control of the air conditioner if there is a problem.\nThey upgraded our room for free.\nThe hotel put us in touch with a taxi driver who took us to visit the mall and charged us decent prices.",positive
friendly staff,positive
All,positive
Hotel near airport about 10 minutes drive away,positive
Room comfort.,positive
A place that gives full value for the price. Good location. Excellent cleanliness. Professional staff. Excellent food,positive
"clean, quiet, well organized",positive
Perfect for a stay in Larnaca. Everything was in order.,positive
"Arrival at 5am, just for one night.\nThe owners left us clear and precise information for our arrival, sending us photos.\nCleanliness, distance from the airport, quality of bedding, size of the room, bottle of water available.\nSympathy of the owners in the morning who made the effort to speak French to us.\nWe recommend eyes closed.",positive
Very varied breakfasts to choose from in the hotel restaurant.,positive
"cleanliness, comfort",positive
"very clean cheap, modern room",positive
"Excellent location, a few steps from the sea and from via dei premises, in 20 minutes on foot you can also reach the ""historic"" center.\nExcellent breakfast and meals in the restaurant, all freshly made.\nModern and renovated rooms, very comfortable beds",positive
"Clean, modern hotel, comfortable rooms.",positive
The hotel is close to Larnaca Airport and the beach. For the best.,positive
everything in general,positive
proximity to the airport for those arriving during the night,positive
clean and comfortable,positive
The room was modern with a large and very comfortable bed. The shower really good. There was also great quiet and it was very easy to set up the room so you wouldn't be disturbed. Everything very clean.,positive
"Very friendly staff, and communication with the hotel before our arrival very fluid. The rooms are spacious and comfortable.\nIt is ideally located near the airport, 5min by bus.",positive
"cleanliness, space, location",positive
Clean,positive
Nice clean hotel near the airport. The room has everything you need. Also in 7-10 minutes you can walk to the embankment. The staff are friendly and try to help.,positive
"It was very new, clean and quite modern. Excellent price/quality ratio",positive
kindness,positive
"Location, room comfort, service and courtesy of the staff.",positive
It was very clean. The host was very nice. He gave us instructions on how to get to the hotel and then even picked us up at the bus stop because we were very late,positive
"Comfortable, clean, modern, pleasant. The hosts are very nice, they help in everything.",positive
Nice staff. just one night to leave early the next day from the airport,positive
"convenient location, with a late arrival and planning further travel by car. Walking distance to Mackenzie Beach and Salt Lake. Purely. no problem with check-in after 12 at night. Parking next to the hotel.",positive
"large comfortable bed, clean linen, cozy.\nclose to the airport (7-10 minutes by taxi)",positive
"I liked the hotel already when approaching it from the street. The feeling of the new did not leave all the time. Starting from the street terrace, the hall and up to the room itself - clean, comfortable, with a soft bed. As it turned out later, the hotel is already about 8 years old, but they are doing well 👍\nAlways friendly staff (it looks like a family business, but I will not say). Every day cleaning. At any time, you can go down to the veranda at the tables and just drink their wonderful cappuccino on soft sofas, and then sleep the rest of the night on soft beds.\nWe did not use the pool, the sea is better, because there is a good Mackenzie beach. And he did not have to swim.",positive
"nice staff, lobby and room very clean.",positive
Cleanliness\nSpacious,positive
"1. Location\nHotel near the airport, fast transfer organized by the hotel. In total, close to the beach, although to get to the beach relatively quickly you have to go to the so-called. ""shortcuts"" along a well-trodden path through a field and a small escarpment or another way a little ""around"" along the streets. The center is quite far, about 2.5 km, a walk along the beach promenade.\n2. Peace\nGreat, modern design, comfortable bed, clean, large with a balcony. Large bathroom with shower. Equipped with a kettle plus a welcome pack (tea, coffee, water)\n3. Breakfast\nServed on site, on the ground floor in the dining room with access to the front terrace, delicious, homemade Greek taste.",positive
"Great location as I arrived very late and just wanted to sleep.\nYou are there now.\nQuiet location, very friendly and helpful staff/owners.",positive
"Very clean new room, perfect bed and towels, close location to the bus stop, 10 minutes to the center and 5 minutes to the airport. Friendly staff, all wishes and problematic situations are solved immediately. An ideal place if you need to spend the night before departure from Larnaca.",positive
"Cozy hotel in a quiet location. Walking distance to the beach, we went with a child. Walking around is also interesting.\nThe room is very clean, comfortable mattresses, excellent clean bedding.\nThere is only soap in the shower, no shower gel. Keep in mind. But we usually go with ours.\nVery polite and pleasant staff.\nWe took breakfast once. I liked it.",positive
"Very well-kept hotel, friendly service, very comfortable mattresses, fridge, kettle, very modern new equipment.",positive
"Staff SUPER!!! Responsive, kind people, you feel at home). The room has a refrigerator, kettle, mugs (small), safe (did not use), TV (2 channels in the local language, netflix and browser). Near the salt lake, about 10 minutes walk, 5-6 minutes to the sea. Quiet place. Near the airport about 4 km, by bus or car for 5-6 minutes, you can walk and walk for 50 minutes)))",positive
No breakfast booked.\nLocation very good for airport and beach.,positive
Very clean,positive
"Excellent location, perfect cleanliness, excellent breakfasts for only 8€, super service",positive
"Very helpful staff. If you do not have adapters for sockets, ask at the reception.. 😊",positive
Close to the airport. Quietly we reached 3 stops on the 425 bus (2nd floor-entrance for those departing. From the airport immediately to the left to the end of the airport building). The hosts are very friendly.,positive
"Very available and caring for his customers. The rooms are very well equipped and the breakfast very good and plentiful. We arrived at 2:30 am at the airport, a shuttle taxi to the hotel was waiting for us. The hotel allowed us, at no extra cost, a late arrival and a late departure (at 1:30 p.m.).",positive
"Staff very welcoming, kind and very friendly. Everything is clean and perfect. No complaints. I strongly advise.",positive
"Individual approach. Responsive staff. Very clean, fresh, comfortable. you can see it's new. Cleaning every day",positive
"Great bed, excellent cleaning, great for the airport (it's attached)",positive
"Nice staff, good cook",positive
"Hotel completely redone, the rooms are clean and comfortable. Like the 2 managers of the hotel and the chef, the staff is extremely kind and helpful. If I were to go back to Cyprus, I wouldn't go anywhere else.\nFull breakfast and served without time limit, to good understanding :)",positive
"Hotel completely redone, the rooms are clean and comfortable. Like the 2 managers of the hotel and the chef, the staff is extremely kind and helpful. If I were to go back to Cyprus, I wouldn't go anywhere else.",positive
"Great, compact room and hotel. Clean and modern. 3+ stars for sure. Mackenzie Beach is 10-15 minutes on asphalt and 5-7 off-road (there is a descent at the end of the street). From the airport 7 - 10 minutes drive.",positive
Perfect!,positive
"New hotel, renovated, soft blankets",positive
"Cleanliness, proximity to the airport, walk to the sea",positive
"Super establishment undervalued in my opinion with an available, pleasant and very professional staff. You",positive
Room and possibility for late check out and very nice staff,positive
Super clean modern room and bathroom with balcony. Wonderful air conditioning that also stays on when you leave the room or open the balcony door.,positive
"Super polite and helpful staff, clean comfortable room with good new furniture, delicious breakfast on the veranda. Walking distance to Makenzie beach. In the absence of a car, it is very easy to get here by bus from the airport. If you are worried about the proximity of the airport, then during the entire stay we did not notice the noise and did not experience any discomfort because of this.",positive
Everything is great. Mackenzie is 5 minutes walk. The hotel is very conveniently located. Friendly staff. Everything is great. The room is clean. The pressure of the ox is excellent. Bed is comfortable,positive
"Great option for if you arrive at Larnaca airport, close, very clean. It is possible with animals. Everyone at the hotel was very friendly, tried to help and explain.",positive
"Location: close to airport and beach. Newly refurbished hotel, rooms with balconies and clean.",positive
Staff. Everything in the hotel is new. Located close to the waterfront. The staff is very friendly. Very clean.,positive
Close to the beach. Own. Pleasant breakfast. Quality Eco Hotel.,positive
"Nice accommodation, extremely clean and with a very good location near the beach and the center. With their vanilla styles, the rooms offer a very pleasant atmosphere in which to relax and unwind. Also, one thing that sets this hotel apart is their generosity so that they offer a bottle of water, tea bags and coffee for free, not to mention the affordable prices of the mini-bar. Also note that the staff communicates well in French, something that is rare to find in Cyprus.",positive
comfortable bed,positive
Clean and nice room,positive
Room quality,positive
clean and functional,positive
A clean room that really serves the purpose for which we came,positive
The location is close to the field. The room is clean.,positive
Location close to the field.,positive
comfortable room for one night before departure,positive
Very good if you have an early morning flight.,positive
"central location between the beach, the party mile, the airport and the old town",positive
"Cleaning, furniture, terrace",positive
Big room,positive
Large spacious suite. Comfortable beds. Good for large family 5 people. Light interior.,positive
Location good,positive
"Breakfast ok.\nClean room, comfortable bed.",positive
Excellent attention. Very comfortable bed. Very good shower. The furniture and bathroom are all new and impeccable. Very good WiFi connection. Bars and restaurants nearby.,positive
Cleanliness,positive
Clean and spacious room,positive
"A hotel for those who make a long transfer in Cyprus. That is ""hotel for one night"".\nPros:\n1. cleanliness\n2. the beach is within walking distance.\n3. a couple of taverns in the area\n4. near the airport",positive
"Clean, comfortable, nice staff.",positive
"new equipment, good accessibility for reptiles",positive
location and calm,positive
Perfect welcome at 1:30 in the morning!\nExcellent value.\nClose to the airport.,positive
"The location close to the airport, while being quiet\nCheck-in at 4am\nAn exceptional welcome in French\nThe room is clean, large enough and recent\nThe outdoor balcony is a plus\nThe proximity to the beach and the city is a significant asset\nThere is a bus stop near the hotel which allows you to go to the city center and to the airport.\nI recommend 100%",positive
Excellent location close to everything.,positive
the service,positive
we’d love to stay longer 🥲,positive
The WONDERFUL staff at this place makes all the difference. I only stayed for 1 night but would absolutely stay again,positive
"LOCATION CLOSE TO EVERYTHING. ALYKI BEACH CLUB, RESTAURANTS, CAFÉS. BREAKFAST WONDERFUL.",positive
The view from the rooms,positive
Couldn’t fault it at all,positive
Pool could of been bigger but you’re right next to an amazing beach “mckenzie beach” so it didn’t matter.,positive
this is a guesthouse that is priced like a hotel,positive
"TV did not work, garbage truck passes at 3 a.m with an incredible noise.",positive
Room a little smaller than average but large bathroom and shower.,positive
the view from my room..,positive
A bit far from the city center but taxis cost us the same price from anywhere in the city so it's not critical other than that it's a stunning place.,positive
The electric kettle didn't seem to work. (But that's a detail!).,positive
The sounds of the airport,positive
"When we arrived, we were surprised at the location in a small side street, but it was only a 10-minute walk to the sea front. The receptionist on check in was very good and explained the information very clearly to us. The room was smaller than I expected but as we were only there a few days it was acceptable. I am very fussy about beds and pillows, but I had no problem as they were very clean, and the bed was really comfortable.\nThe chef was very polite, and his food was excellent, he had passion and it showed in his presentation. We may have missed it but there was no opening and closing times of the bar on display.",positive
"Recently updated, everything was me and clean. Restaurant was a surprise hit: good food, very reasonably priced, so an easy choice to eat at the hotel when we wouldn't usually. The beach is about 5 minutes walk away.",positive
"I really enjoyed this place. It didn't have a pool but it was 10 minutes from the airport by taxi, 15 by shuttle bus. There are also connecting buses from ayia napa to this hotel via Larnaca which we used for our early morning start from Larnaca Airport. McKenzie beach is close by, and the food restaurants off the opposite beach were only a ten minute walk.\nAir con and fridge in rooms with a bottle of water provided. \nPerfect for our short stay and the hotel was immaculately clean. I was particularly impressed when the staff emailed me via booking.com and after asking me what time I was arriving (the hotel is not manned 24/7 but arrangements are made to collect your room key in the hotel if you are arriving outside of normal hours), told me which bus routes I needed to take.\nVery impressed however anything longer than a 2 night stay and you may get a little bored.\nHighly recommended",positive
Amazing staff!,positive
"Wonderful experience, exceeded our expectations. Would stay again!",positive
staff was amazing. location and cleanliness.,positive
"First off, the staff. They have been so accommodating and easy to deal with and have gone above and beyond to help us out. We had a delayed flight that landed hours late and when we arrived, all the restaurants were closed. Richard was amazing and whipped us up an excellent pizza even though they were long since closed.",positive
Everything!,positive
"Amazing hotel, new, clean, staff & management are great…highly recommended",positive
Amazing place to be honest! Everything was perfect,positive
"Very modern and clean. Netflix in room an unexpected surprise, but beware, difficult to sign back out of your account! No views but a short walk to nice beach bars. Rebuke is v good. Close to airport.",positive
"Nice  modern bedroom, nice greek breakfast and hotel great location, shame i only stayed one night",positive
wonderful hotel and staff! all as in the photo!,positive
"Good, firm beds and nice air conditioning in the room. We were especially impressed with the staff: they were very nice and prepared a fantastic breakfast for us! Self check-in at night was also very easy. And they arranged a taxi from the airport to the hotel for us, what a great service!",positive
the room and the staff!,positive
Pleasantly surprised as the hotel appears to have been renovated.,positive
"Hotel rather well placed, access to the beach by crossing a vacant lot. Airport nearby (but the taxi price is the same as from the center of Larnaca). Pleasant surprise, it is not in the photo but the accommodation has a swimming pool! Fridge filled with drinks and delicacies, even if it's paying it's nice to have some available",positive
Amazing place!,positive
The room,positive